Workbook

Sheet README
A1: IntelCost Earthwork Production Starter Data (accepted as drafted, 23 Oct 2026)
A2: Starter activities, production tiers (from 200 per day upward), spreads and default production for the Earthwork production settings. Split method: Cut lines excavate and load; Fill lines place and compact.
A4: How to read it
A5: 1. Activities: the 13 activities, their unit and which Calculate line types they price (Line mapping has the full list).
A6: 2. Tiers: one row per production range with its spread. Machine and crew detail is in Tier machines and Tier crew; edit there.
A7: 3. Default production: the production per day a company normally gets, by total job quantity. This picks the tier.
A8: 4. Catalog gaps: machines in the spreads whose catalog data is incomplete, and what to enter. Rows marked "Optional (catalog gap)" are left out of the spread until filled.
A9: 5. Old sheet: what was kept from Crew_Assemley_DE_LLC V12 and what was dropped.
A10: 6. Catalog ref and Catalog production: the catalog values the other sheets look up (copied as published).
A12: Assumptions (edit on Settings; blue = input)
A13: - Production per day assumes a 10-hour work day (the old sheet's basis). Set the workspace "hours per work day" to 10, or scale the productions down for 8-hour days.
A14: - Common earth (loam): 1 BCY = 1.25 LCY = 0.90 CCY (catalog Factors sheet, FM 5-434). Place and compact defaults are kept in step with Excavate and load at 0.90.
... A23: - Nothing here changes the catalog. When approved, this file is loaded as release data for Settings > Equipment library > Earthwork production.

Sheet Settings
A1: Setting | B1: Value | C1: Note
A2: Hours per work day | B2: 10 | C2: Old sheet basis (10-hr day). Drives the capacity check only.
A3: Bank to loose (common earth) | B3: 1.25 | C3: Catalog Factors, Loam, FM 5-434
A4: Bank to compacted (common earth) | B4: 0.9 | C4: Catalog Factors, Loam, FM 5-434
A5: Tri-axle LCY per truck-day | B5: 140 | C5: Assumption: ~10 loads x 14 LCY, ~1 hr round trip. Haul tiers are sized at 140 (one tier per truck count); if you change this, change the tier ranges too. The capacity check follows this cell.

Sheet Activities
A1: ID | B1: Activity | C1: Unit | D1: Prices these Calculate lines | E1: Notes | F1: Tiers
A2: A1 | B2: Excavate and load (on-site haul) | C2: BCY | D2: cut; over-excavation; stockpile (cut to stock) | E2: Excavator loads off-road trucks that haul to the fill or stockpile on site. Pairs with A3 on the Fill lines. | F2: =COUNTIF(Tiers!$A:$A,A2) -> 9
A3: A2 | B3: Excavate and load (direct to haul-off trucks) | C3: BCY | D3: undercut (default); use for cut on export-heavy sites | E3: Excavator only: it loads the haul-off trucks priced on the Haul off line (A7). Avoids paying on-site trucks AND highway trucks for the same material. | F3: =COUNTIF(Tiers!$A:$A,A3) -> 4
A4: A3 | B4: Place and compact | C4: CCY | D4: fill; undercut_replace; undercut_native; replacement fill | E4: Dozer spreads, roller compacts. Default production kept in step with A1 (0.90 CCY per BCY, common earth). | F4: =COUNTIF(Tiers!$A:$A,A4) -> 8
A5: A4 | B5: Strip topsoil (push to stockpile) | C5: BCY | D5: strip | E5: Dozer only. Hauling the stripped topsoil away is A6 on the Haul Off line. | F5: =COUNTIF(Tiers!$A:$A,A5) -> 5
A6: A5 | B6: Respread topsoil (from stockpile) | C6: BCY | D6: strip_reuse_topsoil | E6: Load from stockpile, haul on site, spread. | F6: =COUNTIF(Tiers!$A:$A,A6) -> 4
A7: A6 | B7: Load and haul off (from stockpile) | C7: LCY | D7: strip_haul; spoils_export | E7: Loader plus hired operated tri-axles (driver and fuel in the truck rate). | F7: =COUNTIF(Tiers!$A:$A,A7) -> 11
A8: A7 | B8: Haul off (loaded by excavator) | C8: LCY | D8: soil_export; undercut_haul | E8: Hired operated tri-axles only; the excavator that loads them is on the Cut/Undercut line. | F8: =COUNTIF(Tiers!$A:$A,A8) -> 11
A9: A8 | B9: Haul in (import) | C9: LCY | D9: soil_import | E9: Hired operated tri-axles. If the material is bought delivered, map soil_import to none and price it as delivered material. | F9: =COUNTIF(Tiers!$A:$A,A9) -> 11
A10: A9 | B10: Rock excavation (break and load) | C10: BCY | D10: rock_hard_dig | E10: Excavator with hydraulic breaker. Rock starts below 200/day by nature. | F10: =COUNTIF(Tiers!$A:$A,A10) -> 4
A11: A10 | B11: Rip rock (dozer) | C11: BCY | D11: (not mapped; alternative to A9 for rippable rock) | E11: D8 class with ripper. | F11: =COUNTIF(Tiers!$A:$A,A11) -> 2
A12: A11 | B12: Fine grade / subgrade prep | C12: SF | D12: prep | E12: Grader, roller, part-time backhoe. | F12: =COUNTIF(Tiers!$A:$A,A12) -> 4
A13: A12 | B13: Pipe crew, gravity storm/sewer (excavate, lay, backfill) | C13: LF | D13: utility_pipe | E13: One crew prices the whole pipe run, so the trench excavation, backfill and bedding lines map to none (bedding stone stays a material by hand). | F13: =COUNTIF(Tiers!$A:$A,A13) -> 4
A14: A13 | B14: Trench box with pipe crew | C14: LF | D14: trench_protection | E14: Box moves with the pipe crew: give it the same production per day as A12 so the days match. | F14: =COUNTIF(Tiers!$A:$A,A14) -> 2

Sheet Tiers
A1: Activity | B1: Tier | C1: From /day | D1: To /day | E1: Unit | F1: Spread (machines) | G1: Crew | H1: Capacity check /day | I1: Check | J1: Source
A2: A1 | B2: 1 | C2: 200 | D2: 349 | E2: BCY | F2: 1 x 16-18 t (~38,000-40,000 lb) [EX-CRAWL-17T] *pacing; 1 x 26.5 t payload [ADT-25T] | G2: 0.25 Foreman; 2 Operator (auto: follows machine count) | H2: =IF(IF(COUNTIFS('Tier machines'!$G$2:$G$3,"main",'Tier machines'!$L$2:$L$3,">0")=0,9E+099,SUMIFS('Tier machines'!$L$2:$L$3,'Tier machines'!$G$2:$G$3,"main"))>=9E+099,"",IF(COUNTIFS('Tier machines'!$G$2:$G$3,"main",'Tier machines'!$L$2:$L$3,">0")=0,9E+099,SUMIFS('Tier machines'!$L$2:$L$3,'Tier machines'!$G$2:$G$3,"main"))) -> 1534.9783 | I2: =IF(H2="","No catalog figure",IF(H2>=D2,"OK",IF(H2>=C2,"Covers lower part only","Below tier"))) -> OK | J2: Draft
A3: A1 | B3: 2 | C3: 350 | D3: 599 | E3: BCY | F3: 1 x 20-25 t (~48,500-62,800 lb) [EX-CRAWL-20T] *pacing; 2 x 26.5 t payload [ADT-25T] | G3: 0.5 Foreman; 3 Operator (auto: follows machine count) | H3: =IF(IF(COUNTIFS('Tier machines'!$G$4:$G$5,"main",'Tier machines'!$L$4:$L$5,">0")=0,9E+099,SUMIFS('Tier machines'!$L$4:$L$5,'Tier machines'!$G$4:$G$5,"main"))>=9E+099,"",IF(COUNTIFS('Tier machines'!$G$4:$G$5,"main",'Tier machines'!$L$4:$L$5,">0")=0,9E+099,SUMIFS('Tier machines'!$L$4:$L$5,'Tier machines'!$G$4:$G$5,"main"))) -> 1633.44 | I3: =IF(H3="","No catalog figure",IF(H3>=D3,"OK",IF(H3>=C3,"Covers lower part only","Below tier"))) -> OK | J3: Draft
A4: A1 | B4: 3 | C4: 600 | D4: 899 | E4: BCY | F4: 1 x 20-25 t (~48,500-62,800 lb) [EX-CRAWL-20T] *pacing; 2 x 30 t payload [ADT-30T] | G4: 0.5 Foreman; 3 Operator (auto: follows machine count) | H4: =IF(IF(COUNTIFS('Tier machines'!$G$6:$G$7,"main",'Tier machines'!$L$6:$L$7,">0")=0,9E+099,SUMIFS('Tier machines'!$L$6:$L$7,'Tier machines'!$G$6:$G$7,"main"))>=9E+099,"",IF(COUNTIFS('Tier machines'!$G$6:$G$7,"main",'Tier machines'!$L$6:$L$7,">0")=0,9E+099,SUMIFS('Tier machines'!$L$6:$L$7,'Tier machines'!$G$6:$G$7,"main"))) -> 1633.44 | I4: =IF(H4="","No catalog figure",IF(H4>=D4,"OK",IF(H4>=C4,"Covers lower part only","Below tier"))) -> OK | J4: Draft
A5: A1 | B5: 4 | C5: 900 | D5: 1399 | E5: BCY | F5: 1 x 30-36 t (~68,000-81,000 lb) [EX-CRAWL-30T] *pacing; 2 x 30 t payload [ADT-30T] | G5: 0.5 Foreman; 3 Operator (auto: follows machine count); 0.5 Laborer | H5: =IF(IF(COUNTIFS('Tier machines'!$G$8:$G$9,"main",'Tier machines'!$L$8:$L$9,">0")=0,9E+099,SUMIFS('Tier machines'!$L$8:$L$9,'Tier machines'!$G$8:$G$9,"main"))>=9E+099,"",IF(COUNTIFS('Tier machines'!$G$8:$G$9,"main",'Tier machines'!$L$8:$L$9,">0")=0,9E+099,SUMIFS('Tier machines'!$L$8:$L$9,'Tier machines'!$G$8:$G$9,"main"))) -> 3107.52 | I5: =IF(H5="","No catalog figure",IF(H5>=D5,"OK",IF(H5>=C5,"Covers lower part only","Below tier"))) -> OK | J5: Old sheet: Cut to Fill 0-42,000 CY at 1,000/day (CAT 330 + 2 x 30 t ADT)
A6: A1 | B6: 5 | C6: 1400 | D6: 2199 | E6: BCY | F6: 1 x 30-36 t (~68,000-81,000 lb) [EX-CRAWL-30T] *pacing; 3 x 30 t payload [ADT-30T] | G6: 0.5 Foreman; 4 Operator (auto: follows machine count); 0.5 Laborer | H6: =IF(IF(COUNTIFS('Tier machines'!$G$10:$G$11,"main",'Tier machines'!$L$10:$L$11,">0")=0,9E+099,SUMIFS('Tier machines'!$L$10:$L$11,'Tier machines'!$G$10:$G$11,"main"))>=9E+099,"",IF(COUNTIFS('Tier machines'!$G$10:$G$11,"main",'Tier machines'!$L$10:$L$11,">0")=0,9E+099,SUMIFS('Tier machines'!$L$10:$L$11,'Tier machines'!$G$10:$G$11,"main"))) -> 3107.52 | I6: =IF(H6="","No catalog figure",IF(H6>=D6,"OK",IF(H6>=C6,"Covers lower part only","Below tier"))) -> OK | J6: Draft
A7: A1 | B7: 6 | C7: 2200 | D7: 3199 | E7: BCY | F7: 1 x 45-55 t (~105,000-108,000 lb) [EX-CRAWL-50T] *pacing; 3 x 30 t payload [ADT-30T] | G7: 0.5 Foreman; 4 Operator (auto: follows machine count); 0.5 Laborer; 0.5 Grade checker | H7: =IF(IF(COUNTIFS('Tier machines'!$G$12:$G$13,"main",'Tier machines'!$L$12:$L$13,">0")=0,9E+099,SUMIFS('Tier machines'!$L$12:$L$13,'Tier machines'!$G$12:$G$13,"main"))>=9E+099,"",IF(COUNTIFS('Tier machines'!$G$12:$G$13,"main",'Tier machines'!$L$12:$L$13,">0")=0,9E+099,SUMIFS('Tier machines'!$L$12:$L$13,'Tier machines'!$G$12:$G$13,"main"))) -> 5109.0816 | I7: =IF(H7="","No catalog figure",IF(H7>=D7,"OK",IF(H7>=C7,"Covers lower part only","Below tier"))) -> OK | J7: Old sheet: 42,000-84,000 CY at 2,275/day (CAT 345 + 2 x 40 t ADT; 40 t has no fuel in the catalog, so 3 x 30 t)
A8: A1 | B8: 7 | C8: 3200 | D8: 4499 | E8: BCY | F8: 1 x 45-55 t (~105,000-108,000 lb) [EX-CRAWL-50T] *pacing; 4 x 30 t payload [ADT-30T] | G8: 0.5 Foreman; 5 Operator (auto: follows machine count); 0.5 Laborer; 0.5 Grade checker | H8: =IF(IF(COUNTIFS('Tier machines'!$G$14:$G$15,"main",'Tier machines'!$L$14:$L$15,">0")=0,9E+099,SUMIFS('Tier machines'!$L$14:$L$15,'Tier machines'!$G$14:$G$15,"main"))>=9E+099,"",IF(COUNTIFS('Tier machines'!$G$14:$G$15,"main",'Tier machines'!$L$14:$L$15,">0")=0,9E+099,SUMIFS('Tier machines'!$L$14:$L$15,'Tier machines'!$G$14:$G$15,"main"))) -> 5109.0816 | I8: =IF(H8="","No catalog figure",IF(H8>=D8,"OK",IF(H8>=C8,"Covers lower part only","Below tier"))) -> OK | J8: Draft
A9: A1 | B9: 8 | C9: 4500 | D9: 6999 | E9: BCY | F9: 2 x 45-55 t (~105,000-108,000 lb) [EX-CRAWL-50T] *pacing; 6 x 30 t payload [ADT-30T] | G9: 0.5 Foreman; 8 Operator (auto: follows machine count); 0.5 Laborer; 0.5 Grade checker | H9: =IF(IF(COUNTIFS('Tier machines'!$G$16:$G$17,"main",'Tier machines'!$L$16:$L$17,">0")=0,9E+099,SUMIFS('Tier machines'!$L$16:$L$17,'Tier machines'!$G$16:$G$17,"main"))>=9E+099,"",IF(COUNTIFS('Tier machines'!$G$16:$G$17,"main",'Tier machines'!$L$16:$L$17,">0")=0,9E+099,SUMIFS('Tier machines'!$L$16:$L$17,'Tier machines'!$G$16:$G$17,"main"))) -> 10218.163 | I9: =IF(H9="","No catalog figure",IF(H9>=D9,"OK",IF(H9>=C9,"Covers lower part only","Below tier"))) -> OK | J9: Old sheet: 84,000-126,000 CY at 5,275/day (2 x CAT 345 + 4 x 40 t + 1 x 30 t)
A10: A1 | B10: 9 | C10: 7000 | E10: BCY | F10: 2 x 65-75 t (~145,000-163,000 lb) [EX-CRAWL-70T] *pacing; 9 x 30 t payload [ADT-30T] | G10: 1 Foreman; 11 Operator (auto: follows machine count); 1 Laborer; 1 Grade checker | H10: =IF(IF(COUNTIFS('Tier machines'!$G$18:$G$19,"main",'Tier machines'!$L$18:$L$19,">0")=0,9E+099,SUMIFS('Tier machines'!$L$18:$L$19,'Tier machines'!$G$18:$G$19,"main"))>=9E+099,"",IF(COUNTIFS('Tier machines'!$G$18:$G$19,"main",'Tier machines'!$L$18:$L$19,">0")=0,9E+099,SUMIFS('Tier machines'!$L$18:$L$19,'Tier machines'!$G$18:$G$19,"main"))) -> 15936 | I10: =IF(H10="","No catalog figure",IF(H10>=C10,"OK",IF(H10>=C10,"Covers lower part only","Below tier"))) -> OK | J10: Draft (old >126,000 CY tab was unfinished)
A11: A2 | B11: 1 | C11: 200 | D11: 599 | E11: BCY | F11: 1 x 20-25 t (~48,500-62,800 lb) [EX-CRAWL-20T] *pacing | G11: 0.25 Foreman; 1 Operator (auto: follows machine count); 0.5 Laborer (spotter) | H11: =IF(IF(COUNTIFS('Tier machines'!$G$20:$G$20,"main",'Tier machines'!$L$20:$L$20,">0")=0,9E+099,SUMIFS('Tier machines'!$L$20:$L$20,'Tier machines'!$G$20:$G$20,"main"))>=9E+099,"",IF(COUNTIFS('Tier machines'!$G$20:$G$20,"main",'Tier machines'!$L$20:$L$20,">0")=0,9E+099,SUMIFS('Tier machines'!$L$20:$L$20,'Tier machines'!$G$20:$G$20,"main"))) -> 1633.44 | I11: =IF(H11="","No catalog figure",IF(H11>=D11,"OK",IF(H11>=C11,"Covers lower part only","Below tier"))) -> OK | J11: Draft
A12: A2 | B12: 2 | C12: 600 | D12: 1399 | E12: BCY | F12: 1 x 30-36 t (~68,000-81,000 lb) [EX-CRAWL-30T] *pacing | G12: 0.25 Foreman; 1 Operator (auto: follows machine count); 0.5 Laborer (spotter) | H12: =IF(IF(COUNTIFS('Tier machines'!$G$21:$G$21,"main",'Tier machines'!$L$21:$L$21,">0")=0,9E+099,SUMIFS('Tier machines'!$L$21:$L$21,'Tier machines'!$G$21:$G$21,"main"))>=9E+099,"",IF(COUNTIFS('Tier machines'!$G$21:$G$21,"main",'Tier machines'!$L$21:$L$21,">0")=0,9E+099,SUMIFS('Tier machines'!$L$21:$L$21,'Tier machines'!$G$21:$G$21,"main"))) -> 3107.52 | I12: =IF(H12="","No catalog figure",IF(H12>=D12,"OK",IF(H12>=C12,"Covers lower part only","Below tier"))) -> OK | J12: Old sheet: Cut to Offsite 1,500/day (CAT 330)
A13: A2 | B13: 3 | C13: 1400 | D13: 2999 | E13: BCY | F13: 1 x 45-55 t (~105,000-108,000 lb) [EX-CRAWL-50T] *pacing | G13: 0.5 Foreman; 1 Operator (auto: follows machine count); 1 Laborer (spotter) | H13: =IF(IF(COUNTIFS('Tier machines'!$G$22:$G$22,"main",'Tier machines'!$L$22:$L$22,">0")=0,9E+099,SUMIFS('Tier machines'!$L$22:$L$22,'Tier machines'!$G$22:$G$22,"main"))>=9E+099,"",IF(COUNTIFS('Tier machines'!$G$22:$G$22,"main",'Tier machines'!$L$22:$L$22,">0")=0,9E+099,SUMIFS('Tier machines'!$L$22:$L$22,'Tier machines'!$G$22:$G$22,"main"))) -> 5109.0816 | I13: =IF(H13="","No catalog figure",IF(H13>=D13,"OK",IF(H13>=C13,"Covers lower part only","Below tier"))) -> OK | J13: Draft
A14: A2 | B14: 4 | C14: 3000 | E14: BCY | F14: 2 x 45-55 t (~105,000-108,000 lb) [EX-CRAWL-50T] *pacing | G14: 0.5 Foreman; 2 Operator (auto: follows machine count); 1 Laborer (spotter) | H14: =IF(IF(COUNTIFS('Tier machines'!$G$23:$G$23,"main",'Tier machines'!$L$23:$L$23,">0")=0,9E+099,SUMIFS('Tier machines'!$L$23:$L$23,'Tier machines'!$G$23:$G$23,"main"))>=9E+099,"",IF(COUNTIFS('Tier machines'!$G$23:$G$23,"main",'Tier machines'!$L$23:$L$23,">0")=0,9E+099,SUMIFS('Tier machines'!$L$23:$L$23,'Tier machines'!$G$23:$G$23,"main"))) -> 10218.163 | I14: =IF(H14="","No catalog figure",IF(H14>=C14,"OK",IF(H14>=C14,"Covers lower part only","Below tier"))) -> OK | J14: Old sheet: Export 2 x PC-400 at 2,501/day
A15: A3 | B15: 1 | C15: 200 | D15: 329 | E15: CCY | F15: 1 x D3 class (~100-104 hp, 20-24k lb) [DZ-CRAWL-D3] *pacing; 1 x 84 in smooth [CP-SD-84-SM]; 0.25 x 4,000 gal (6x4) [WT-4000] (optional, catalog gap) | G15: 0.25 Foreman; 2 Operator (auto: follows machine count) | H15: =IF(IF(COUNTIFS('Tier machines'!$G$24:$G$26,"main",'Tier machines'!$L$24:$L$26,">0")=0,9E+099,SUMIFS('Tier machines'!$L$24:$L$26,'Tier machines'!$G$24:$G$26,"main"))>=9E+099,"",IF(COUNTIFS('Tier machines'!$G$24:$G$26,"main",'Tier machines'!$L$24:$L$26,">0")=0,9E+099,SUMIFS('Tier machines'!$L$24:$L$26,'Tier machines'!$G$24:$G$26,"main"))) -> 2651.684 | I15: =IF(H15="","No catalog figure",IF(H15>=D15,"OK",IF(H15>=C15,"Covers lower part only","Below tier"))) -> OK | J15: Draft
A16: A3 | B16: 2 | C16: 330 | D16: 599 | E16: CCY | F16: 1 x D5 class (~170 hp, ~40k lb) [DZ-CRAWL-D5] *pacing; 1 x 84 in smooth [CP-SD-84-SM]; 0.5 x 4,000 gal (6x4) [WT-4000] (optional, catalog gap) | G16: 0.5 Foreman; 2 Operator (auto: follows machine count) | H16: =IF(IF(COUNTIFS('Tier machines'!$G$27:$G$29,"main",'Tier machines'!$L$27:$L$29,">0")=0,9E+099,SUMIFS('Tier machines'!$L$27:$L$29,'Tier machines'!$G$27:$G$29,"main"))>=9E+099,"",IF(COUNTIFS('Tier machines'!$G$27:$G$29,"main",'Tier machines'!$L$27:$L$29,">0")=0,9E+099,SUMIFS('Tier machines'!$L$27:$L$29,'Tier machines'!$G$27:$G$29,"main"))) -> 2651.684 | I16: =IF(H16="","No catalog figure",IF(H16>=D16,"OK",IF(H16>=C16,"Covers lower part only","Below tier"))) -> OK | J16: Draft
A17: A3 | B17: 3 | C17: 600 | D17: 849 | E17: CCY | F17: 1 x D6 class (~215-240 hp, ~50k lb) [DZ-CRAWL-D6] *pacing; 1 x 84 in smooth [CP-SD-84-SM]; 0.5 x 4,000 gal (6x4) [WT-4000] (optional, catalog gap) | G17: 0.5 Foreman; 2 Operator (auto: follows machine count); 0.5 Laborer | H17: =IF(IF(COUNTIFS('Tier machines'!$G$30:$G$32,"main",'Tier machines'!$L$30:$L$32,">0")=0,9E+099,SUMIFS('Tier machines'!$L$30:$L$32,'Tier machines'!$G$30:$G$32,"main"))>=9E+099,"",IF(COUNTIFS('Tier machines'!$G$30:$G$32,"main",'Tier machines'!$L$30:$L$32,">0")=0,9E+099,SUMIFS('Tier machines'!$L$30:$L$32,'Tier machines'!$G$30:$G$32,"main"))) -> 2651.684 | I17: =IF(H17="","No catalog figure",IF(H17>=D17,"OK",IF(H17>=C17,"Covers lower part only","Below tier"))) -> OK | J17: Draft
A18: A3 | B18: 4 | C18: 850 | D18: 1299 | E18: CCY | F18: 1 x D6 class (~215-240 hp, ~50k lb) [DZ-CRAWL-D6] *pacing; 1 x GPS/machine-control kit for dozer [AT-GPS-DOZER]; 1 x D5 class (~170 hp, ~40k lb) [DZ-CRAWL-D5]; 1 x 84 in smooth [CP-SD-84-SM]; 0.5 x 4,000 gal (6x4) [WT-4000] (optional, catalog gap) | G18: 0.5 Foreman; 3 Operator (auto: follows machine count); 0.5 Laborer | H18: =IF(IF(COUNTIFS('Tier machines'!$G$33:$G$37,"main",'Tier machines'!$L$33:$L$37,">0")=0,9E+099,SUMIFS('Tier machines'!$L$33:$L$37,'Tier machines'!$G$33:$G$37,"main"))>=9E+099,"",IF(COUNTIFS('Tier machines'!$G$33:$G$37,"main",'Tier machines'!$L$33:$L$37,">0")=0,9E+099,SUMIFS('Tier machines'!$L$33:$L$37,'Tier machines'!$G$33:$G$37,"main"))) -> 2651.684 | I18: =IF(H18="","No catalog figure",IF(H18>=D18,"OK",IF(H18>=C18,"Covers lower part only","Below tier"))) -> OK | J18: Old sheet: Cut to Fill 1,000/day placing side (D6R GPS + D5N + roller + 1/2 water truck)
A19: A3 | B19: 5 | C19: 1300 | D19: 1999 | E19: CCY | F19: 1 x D6 class (~215-240 hp, ~50k lb) [DZ-CRAWL-D6] *pacing; 1 x GPS/machine-control kit for dozer [AT-GPS-DOZER]; 1 x Cat 815 (~249 hp) [CP-TAMP-815]; 0.5 x 4,000 gal (6x4) [WT-4000] (optional, catalog gap) | G19: 0.5 Foreman; 2 Operator (auto: follows machine count); 2 Laborer | I19: Not checked | J19: Old sheet: Import Place & Compact 1,800/day (815 + D6R GPS + 1/2 water truck, 2 laborers)
A20: A3 | B20: 6 | C20: 2000 | D20: 2999 | E20: CCY | F20: 1 x D6 class (~215-240 hp, ~50k lb) [DZ-CRAWL-D6] *pacing; 1 x GPS/machine-control kit for dozer [AT-GPS-DOZER]; 2 x D5 class (~170 hp, ~40k lb) [DZ-CRAWL-D5]; 1 x Cat 815 (~249 hp) [CP-TAMP-815]; 1 x 4,000 gal (6x4) [WT-4000] (optional, catalog gap) | G20: 0.5 Foreman; 4 Operator (auto: follows machine count); 0.5 Grade checker | I20: Not checked | J20: Old sheet: 2,275/day placing side (D6R GPS + 2 x D5N + 815 + water truck)
A21: A3 | B21: 7 | C21: 3000 | D21: 5999 | E21: CCY | F21: 2 x D6 class (~215-240 hp, ~50k lb) [DZ-CRAWL-D6] *pacing; 2 x GPS/machine-control kit for dozer [AT-GPS-DOZER]; 0.5 x D8 class (~363 hp) [DZ-CRAWL-D8]; 0.5 x D5 class (~170 hp, ~40k lb) [DZ-CRAWL-D5]; 2 x Cat 815 (~249 hp) [CP-TAMP-815]; 1 x 8,000 gal ADT-based [WT-8000-ADT] (optional, catalog gap) | G21: 0.5 Foreman; 5 Operator (auto: follows machine count); 0.5 Grade checker | I21: Not checked | J21: Old sheet: 5,275/day placing side (2 x D6R GPS + 1/2 D8T + 1/2 D5N + 2 x 815 + water truck)
A22: A3 | B22: 8 | C22: 6000 | E22: CCY | F22: 2 x D8 class (~363 hp) [DZ-CRAWL-D8] *pacing; 1 x D6 class (~215-240 hp, ~50k lb) [DZ-CRAWL-D6]; 1 x GPS/machine-control kit for dozer [AT-GPS-DOZER]; 2 x Cat 825 (~405 hp) [CP-TAMP-825]; 2 x 8,000 gal ADT-based [WT-8000-ADT] (optional, catalog gap) | G22: 1 Foreman; 5 Operator (auto: follows machine count); 1 Grade checker | I22: Not checked | J22: Draft
A23: A4 | B23: 1 | C23: 200 | D23: 499 | E23: BCY | F23: 1 x D3 class (~100-104 hp, 20-24k lb) [DZ-CRAWL-D3] *pacing | G23: 0.25 Foreman; 1 Operator (auto: follows machine count) | H23: =IF(IF(COUNTIFS('Tier machines'!$G$58:$G$58,"main",'Tier machines'!$L$58:$L$58,">0")=0,9E+099,SUMIFS('Tier machines'!$L$58:$L$58,'Tier machines'!$G$58:$G$58,"main"))>=9E+099,"",IF(COUNTIFS('Tier machines'!$G$58:$G$58,"main",'Tier machines'!$L$58:$L$58,">0")=0,9E+099,SUMIFS('Tier machines'!$L$58:$L$58,'Tier machines'!$G$58:$G$58,"main"))) -> 1162.653 | I23: =IF(H23="","No catalog figure",IF(H23>=D23,"OK",IF(H23>=C23,"Covers lower part only","Below tier"))) -> OK | J23: Draft
A24: A4 | B24: 2 | C24: 500 | D24: 999 | E24: BCY | F24: 1 x D5 class (~170 hp, ~40k lb) [DZ-CRAWL-D5] *pacing | G24: 0.25 Foreman; 1 Operator (auto: follows machine count) | H24: =IF(IF(COUNTIFS('Tier machines'!$G$59:$G$59,"main",'Tier machines'!$L$59:$L$59,">0")=0,9E+099,SUMIFS('Tier machines'!$L$59:$L$59,'Tier machines'!$G$59:$G$59,"main"))>=9E+099,"",IF(COUNTIFS('Tier machines'!$G$59:$G$59,"main",'Tier machines'!$L$59:$L$59,">0")=0,9E+099,SUMIFS('Tier machines'!$L$59:$L$59,'Tier machines'!$G$59:$G$59,"main"))) -> 1870.0013 | I24: =IF(H24="","No catalog figure",IF(H24>=D24,"OK",IF(H24>=C24,"Covers lower part only","Below tier"))) -> OK | J24: Draft
A25: A4 | B25: 3 | C25: 1000 | D25: 1999 | E25: BCY | F25: 1 x D6 class (~215-240 hp, ~50k lb) [DZ-CRAWL-D6] *pacing | G25: 0.25 Foreman; 1 Operator (auto: follows machine count) | H25: =IF(IF(COUNTIFS('Tier machines'!$G$60:$G$60,"main",'Tier machines'!$L$60:$L$60,">0")=0,9E+099,SUMIFS('Tier machines'!$L$60:$L$60,'Tier machines'!$G$60:$G$60,"main"))>=9E+099,"",IF(COUNTIFS('Tier machines'!$G$60:$G$60,"main",'Tier machines'!$L$60:$L$60,">0")=0,9E+099,SUMIFS('Tier machines'!$L$60:$L$60,'Tier machines'!$G$60:$G$60,"main"))) -> 3048.9152 | I25: =IF(H25="","No catalog figure",IF(H25>=D25,"OK",IF(H25>=C25,"Covers lower part only","Below tier"))) -> OK | J25: Old sheet: Strip 1,500/day (dozer side: D6R)
A26: A4 | B26: 4 | C26: 2000 | D26: 3499 | E26: BCY | F26: 1 x D6 class (~215-240 hp, ~50k lb) [DZ-CRAWL-D6] *pacing; 1 x D5 class (~170 hp, ~40k lb) [DZ-CRAWL-D5] | G26: 0.5 Foreman; 2 Operator (auto: follows machine count) | H26: =IF(IF(COUNTIFS('Tier machines'!$G$61:$G$62,"main",'Tier machines'!$L$61:$L$62,">0")=0,9E+099,SUMIFS('Tier machines'!$L$61:$L$62,'Tier machines'!$G$61:$G$62,"main"))>=9E+099,"",IF(COUNTIFS('Tier machines'!$G$61:$G$62,"main",'Tier machines'!$L$61:$L$62,">0")=0,9E+099,SUMIFS('Tier machines'!$L$61:$L$62,'Tier machines'!$G$61:$G$62,"main"))) -> 4918.9165 | I26: =IF(H26="","No catalog figure",IF(H26>=D26,"OK",IF(H26>=C26,"Covers lower part only","Below tier"))) -> OK | J26: Old sheet: Strip with highway trucks 2,300/day (dozer side: D6M + D5N)
A27: A4 | B27: 5 | C27: 3500 | E27: BCY | F27: 1 x D8 class (~363 hp) [DZ-CRAWL-D8] *pacing; 1 x D6 class (~215-240 hp, ~50k lb) [DZ-CRAWL-D6] | G27: 0.5 Foreman; 2 Operator (auto: follows machine count) | H27: =IF(IF(COUNTIFS('Tier machines'!$G$63:$G$64,"main",'Tier machines'!$L$63:$L$64,">0")=0,9E+099,SUMIFS('Tier machines'!$L$63:$L$64,'Tier machines'!$G$63:$G$64,"main"))>=9E+099,"",IF(COUNTIFS('Tier machines'!$G$63:$G$64,"main",'Tier machines'!$L$63:$L$64,">0")=0,9E+099,SUMIFS('Tier machines'!$L$63:$L$64,'Tier machines'!$G$63:$G$64,"main"))) -> 8524.7668 | I27: =IF(H27="","No catalog figure",IF(H27>=C27,"OK",IF(H27>=C27,"Covers lower part only","Below tier"))) -> OK | J27: Draft
A28: A5 | B28: 1 | C28: 200 | D28: 499 | E28: BCY | F28: 1 x ROC >3,000 lb [CTL-LARGE] *pacing; 1 x D3 class (~100-104 hp, 20-24k lb) [DZ-CRAWL-D3] | G28: 0.25 Foreman; 2 Operator (auto: follows machine count); 1 Laborer | H28: =IF(IF(COUNTIFS('Tier machines'!$G$65:$G$66,"main",'Tier machines'!$L$65:$L$66,">0")=0,9E+099,SUMIFS('Tier machines'!$L$65:$L$66,'Tier machines'!$G$65:$G$66,"main"))>=9E+099,"",IF(COUNTIFS('Tier machines'!$G$65:$G$66,"main",'Tier machines'!$L$65:$L$66,">0")=0,9E+099,SUMIFS('Tier machines'!$L$65:$L$66,'Tier machines'!$G$65:$G$66,"main"))) -> 560.1504 | I28: =IF(H28="","No catalog figure",IF(H28>=D28,"OK",IF(H28>=C28,"Covers lower part only","Below tier"))) -> OK | J28: Draft
A29: A5 | B29: 2 | C29: 500 | D29: 999 | E29: BCY | F29: 1 x 3-3.2 yd (~170 hp) [WL-SMALL-3Y] *pacing; 1 x 26.5 t payload [ADT-25T]; 1 x D4 class (~130 hp, ~30k lb) [DZ-CRAWL-D4] | G29: 0.25 Foreman; 3 Operator (auto: follows machine count); 0.5 Laborer | H29: =IF(IF(COUNTIFS('Tier machines'!$G$67:$G$69,"main",'Tier machines'!$L$67:$L$69,">0")=0,9E+099,SUMIFS('Tier machines'!$L$67:$L$69,'Tier machines'!$G$67:$G$69,"main"))>=9E+099,"",IF(COUNTIFS('Tier machines'!$G$67:$G$69,"main",'Tier machines'!$L$67:$L$69,">0")=0,9E+099,SUMIFS('Tier machines'!$L$67:$L$69,'Tier machines'!$G$67:$G$69,"main"))) -> 2346.576 | I29: =IF(H29="","No catalog figure",IF(H29>=D29,"OK",IF(H29>=C29,"Covers lower part only","Below tier"))) -> OK | J29: Old sheet: Respread 500/day (used CAT 330 + D6M + 40 t truck; loader used here)
A30: A5 | B30: 3 | C30: 1000 | D30: 1999 | E30: BCY | F30: 1 x 4.5 yd (~225-250 hp) [WL-MED-45Y] *pacing; 2 x 30 t payload [ADT-30T]; 1 x D5 class (~170 hp, ~40k lb) [DZ-CRAWL-D5] | G30: 0.5 Foreman; 4 Operator (auto: follows machine count); 0.5 Laborer | H30: =IF(IF(COUNTIFS('Tier machines'!$G$70:$G$72,"main",'Tier machines'!$L$70:$L$72,">0")=0,9E+099,SUMIFS('Tier machines'!$L$70:$L$72,'Tier machines'!$G$70:$G$72,"main"))>=9E+099,"",IF(COUNTIFS('Tier machines'!$G$70:$G$72,"main",'Tier machines'!$L$70:$L$72,">0")=0,9E+099,SUMIFS('Tier machines'!$L$70:$L$72,'Tier machines'!$G$70:$G$72,"main"))) -> 3406.32 | I30: =IF(H30="","No catalog figure",IF(H30>=D30,"OK",IF(H30>=C30,"Covers lower part only","Below tier"))) -> OK | J30: Draft
A31: A5 | B31: 4 | C31: 2000 | E31: BCY | F31: 1 x 4.5 yd (~225-250 hp) [WL-MED-45Y] *pacing; 3 x 30 t payload [ADT-30T]; 1 x D6 class (~215-240 hp, ~50k lb) [DZ-CRAWL-D6] | G31: 0.5 Foreman; 5 Operator (auto: follows machine count); 0.5 Laborer | H31: =IF(IF(COUNTIFS('Tier machines'!$G$73:$G$75,"main",'Tier machines'!$L$73:$L$75,">0")=0,9E+099,SUMIFS('Tier machines'!$L$73:$L$75,'Tier machines'!$G$73:$G$75,"main"))>=9E+099,"",IF(COUNTIFS('Tier machines'!$G$73:$G$75,"main",'Tier machines'!$L$73:$L$75,">0")=0,9E+099,SUMIFS('Tier machines'!$L$73:$L$75,'Tier machines'!$G$73:$G$75,"main"))) -> 3406.32 | I31: =IF(H31="","No catalog figure",IF(H31>=C31,"OK",IF(H31>=C31,"Covers lower part only","Below tier"))) -> OK | J31: Draft
A32: A6 | B32: 1 | C32: 200 | D32: 280 | E32: LCY | F32: 1 x 3-3.2 yd (~170 hp) [WL-SMALL-3Y] *pacing; 2 x 3-axle (tri-axle), operated [DT-OP-3AXLE] | G32: 0.25 Foreman; 1 Operator (auto: follows machine count); 0.5 Laborer (spotter) | H32: =IF(MIN(IF(COUNTIFS('Tier machines'!$G$76:$G$77,"haul",'Tier machines'!$L$76:$L$77,">0")=0,9E+099,SUMIFS('Tier machines'!$L$76:$L$77,'Tier machines'!$G$76:$G$77,"haul")),IF(COUNTIFS('Tier machines'!$G$76:$G$77,"load",'Tier machines'!$L$76:$L$77,">0")=0,9E+099,SUMIFS('Tier machines'!$L$76:$L$77,'Tier machines'!$G$76:$G$77,"load")))>=9E+099,"",MIN(IF(COUNTIFS('Tier machines'!$G$76:$G$77,"haul",'Tier machines'!$L$76:$L$77,">0")=0,9E+099,SUMIFS('Tier machines'!$L$76:$L$77,'Tier machines'!$G$76:$G$77,"haul")),IF(COUNTIFS('Tier machines'!$G$76:$G$77,"load",'Tier machines'!$L$76:$L$77,">0")=0,9E+099,SUMIFS('Tier machines'!$L$76:$L$77,'Tier machines'!$G$76:$G$77,"load")))) -> 280 | I32: =IF(H32="","No catalog figure",IF(H32>=D32,"OK",IF(H32>=C32,"Covers lower part only","Below tier"))) -> OK | J32: Draft; 2 trucks x 140 LCY per truck-day
A33: A6 | B33: 2 | C33: 281 | D33: 420 | E33: LCY | F33: 1 x 3-3.2 yd (~170 hp) [WL-SMALL-3Y] *pacing; 3 x 3-axle (tri-axle), operated [DT-OP-3AXLE] | G33: 0.25 Foreman; 1 Operator (auto: follows machine count); 0.5 Laborer (spotter) | H33: =IF(MIN(IF(COUNTIFS('Tier machines'!$G$78:$G$79,"haul",'Tier machines'!$L$78:$L$79,">0")=0,9E+099,SUMIFS('Tier machines'!$L$78:$L$79,'Tier machines'!$G$78:$G$79,"haul")),IF(COUNTIFS('Tier machines'!$G$78:$G$79,"load",'Tier machines'!$L$78:$L$79,">0")=0,9E+099,SUMIFS('Tier machines'!$L$78:$L$79,'Tier machines'!$G$78:$G$79,"load")))>=9E+099,"",MIN(IF(COUNTIFS('Tier machines'!$G$78:$G$79,"haul",'Tier machines'!$L$78:$L$79,">0")=0,9E+099,SUMIFS('Tier machines'!$L$78:$L$79,'Tier machines'!$G$78:$G$79,"haul")),IF(COUNTIFS('Tier machines'!$G$78:$G$79,"load",'Tier machines'!$L$78:$L$79,">0")=0,9E+099,SUMIFS('Tier machines'!$L$78:$L$79,'Tier machines'!$G$78:$G$79,"load")))) -> 420 | I33: =IF(H33="","No catalog figure",IF(H33>=D33,"OK",IF(H33>=C33,"Covers lower part only","Below tier"))) -> OK | J33: Draft; 3 trucks x 140 LCY per truck-day
A34: A6 | B34: 3 | C34: 421 | D34: 560 | E34: LCY | F34: 1 x 3-3.2 yd (~170 hp) [WL-SMALL-3Y] *pacing; 4 x 3-axle (tri-axle), operated [DT-OP-3AXLE] | G34: 0.25 Foreman; 1 Operator (auto: follows machine count); 0.5 Laborer (spotter) | H34: =IF(MIN(IF(COUNTIFS('Tier machines'!$G$80:$G$81,"haul",'Tier machines'!$L$80:$L$81,">0")=0,9E+099,SUMIFS('Tier machines'!$L$80:$L$81,'Tier machines'!$G$80:$G$81,"haul")),IF(COUNTIFS('Tier machines'!$G$80:$G$81,"load",'Tier machines'!$L$80:$L$81,">0")=0,9E+099,SUMIFS('Tier machines'!$L$80:$L$81,'Tier machines'!$G$80:$G$81,"load")))>=9E+099,"",MIN(IF(COUNTIFS('Tier machines'!$G$80:$G$81,"haul",'Tier machines'!$L$80:$L$81,">0")=0,9E+099,SUMIFS('Tier machines'!$L$80:$L$81,'Tier machines'!$G$80:$G$81,"haul")),IF(COUNTIFS('Tier machines'!$G$80:$G$81,"load",'Tier machines'!$L$80:$L$81,">0")=0,9E+099,SUMIFS('Tier machines'!$L$80:$L$81,'Tier machines'!$G$80:$G$81,"load")))) -> 560 | I34: =IF(H34="","No catalog figure",IF(H34>=D34,"OK",IF(H34>=C34,"Covers lower part only","Below tier"))) -> OK | J34: Draft; 4 trucks x 140 LCY per truck-day
A35: A6 | B35: 4 | C35: 561 | D35: 700 | E35: LCY | F35: 1 x 3-3.2 yd (~170 hp) [WL-SMALL-3Y] *pacing; 5 x 3-axle (tri-axle), operated [DT-OP-3AXLE] | G35: 0.25 Foreman; 1 Operator (auto: follows machine count); 0.5 Laborer (spotter) | H35: =IF(MIN(IF(COUNTIFS('Tier machines'!$G$82:$G$83,"haul",'Tier machines'!$L$82:$L$83,">0")=0,9E+099,SUMIFS('Tier machines'!$L$82:$L$83,'Tier machines'!$G$82:$G$83,"haul")),IF(COUNTIFS('Tier machines'!$G$82:$G$83,"load",'Tier machines'!$L$82:$L$83,">0")=0,9E+099,SUMIFS('Tier machines'!$L$82:$L$83,'Tier machines'!$G$82:$G$83,"load")))>=9E+099,"",MIN(IF(COUNTIFS('Tier machines'!$G$82:$G$83,"haul",'Tier machines'!$L$82:$L$83,">0")=0,9E+099,SUMIFS('Tier machines'!$L$82:$L$83,'Tier machines'!$G$82:$G$83,"haul")),IF(COUNTIFS('Tier machines'!$G$82:$G$83,"load",'Tier machines'!$L$82:$L$83,">0")=0,9E+099,SUMIFS('Tier machines'!$L$82:$L$83,'Tier machines'!$G$82:$G$83,"load")))) -> 700 | I35: =IF(H35="","No catalog figure",IF(H35>=D35,"OK",IF(H35>=C35,"Covers lower part only","Below tier"))) -> OK | J35: Draft; 5 trucks x 140 LCY per truck-day
A36: A6 | B36: 5 | C36: 701 | D36: 840 | E36: LCY | F36: 1 x 3-3.2 yd (~170 hp) [WL-SMALL-3Y] *pacing; 6 x 3-axle (tri-axle), operated [DT-OP-3AXLE] | G36: 0.25 Foreman; 1 Operator (auto: follows machine count); 0.5 Laborer (spotter) | H36: =IF(MIN(IF(COUNTIFS('Tier machines'!$G$84:$G$85,"haul",'Tier machines'!$L$84:$L$85,">0")=0,9E+099,SUMIFS('Tier machines'!$L$84:$L$85,'Tier machines'!$G$84:$G$85,"haul")),IF(COUNTIFS('Tier machines'!$G$84:$G$85,"load",'Tier machines'!$L$84:$L$85,">0")=0,9E+099,SUMIFS('Tier machines'!$L$84:$L$85,'Tier machines'!$G$84:$G$85,"load")))>=9E+099,"",MIN(IF(COUNTIFS('Tier machines'!$G$84:$G$85,"haul",'Tier machines'!$L$84:$L$85,">0")=0,9E+099,SUMIFS('Tier machines'!$L$84:$L$85,'Tier machines'!$G$84:$G$85,"haul")),IF(COUNTIFS('Tier machines'!$G$84:$G$85,"load",'Tier machines'!$L$84:$L$85,">0")=0,9E+099,SUMIFS('Tier machines'!$L$84:$L$85,'Tier machines'!$G$84:$G$85,"load")))) -> 840 | I36: =IF(H36="","No catalog figure",IF(H36>=D36,"OK",IF(H36>=C36,"Covers lower part only","Below tier"))) -> OK | J36: Draft; 6 trucks x 140 LCY per truck-day
A37: A6 | B37: 6 | C37: 841 | D37: 1120 | E37: LCY | F37: 1 x 3-3.2 yd (~170 hp) [WL-SMALL-3Y] *pacing; 8 x 3-axle (tri-axle), operated [DT-OP-3AXLE] | G37: 0.25 Foreman; 1 Operator (auto: follows machine count); 0.5 Laborer (spotter) | H37: =IF(MIN(IF(COUNTIFS('Tier machines'!$G$86:$G$87,"haul",'Tier machines'!$L$86:$L$87,">0")=0,9E+099,SUMIFS('Tier machines'!$L$86:$L$87,'Tier machines'!$G$86:$G$87,"haul")),IF(COUNTIFS('Tier machines'!$G$86:$G$87,"load",'Tier machines'!$L$86:$L$87,">0")=0,9E+099,SUMIFS('Tier machines'!$L$86:$L$87,'Tier machines'!$G$86:$G$87,"load")))>=9E+099,"",MIN(IF(COUNTIFS('Tier machines'!$G$86:$G$87,"haul",'Tier machines'!$L$86:$L$87,">0")=0,9E+099,SUMIFS('Tier machines'!$L$86:$L$87,'Tier machines'!$G$86:$G$87,"haul")),IF(COUNTIFS('Tier machines'!$G$86:$G$87,"load",'Tier machines'!$L$86:$L$87,">0")=0,9E+099,SUMIFS('Tier machines'!$L$86:$L$87,'Tier machines'!$G$86:$G$87,"load")))) -> 1120 | I37: =IF(H37="","No catalog figure",IF(H37>=D37,"OK",IF(H37>=C37,"Covers lower part only","Below tier"))) -> OK | J37: Draft; 8 trucks x 140 LCY per truck-day
A38: A6 | B38: 7 | C38: 1121 | D38: 1400 | E38: LCY | F38: 1 x 4.5 yd (~225-250 hp) [WL-MED-45Y] *pacing; 10 x 3-axle (tri-axle), operated [DT-OP-3AXLE] | G38: 0.5 Foreman; 1 Operator (auto: follows machine count); 0.5 Laborer (spotter) | H38: =IF(MIN(IF(COUNTIFS('Tier machines'!$G$88:$G$89,"haul",'Tier machines'!$L$88:$L$89,">0")=0,9E+099,SUMIFS('Tier machines'!$L$88:$L$89,'Tier machines'!$G$88:$G$89,"haul")),IF(COUNTIFS('Tier machines'!$G$88:$G$89,"load",'Tier machines'!$L$88:$L$89,">0")=0,9E+099,SUMIFS('Tier machines'!$L$88:$L$89,'Tier machines'!$G$88:$G$89,"load")))>=9E+099,"",MIN(IF(COUNTIFS('Tier machines'!$G$88:$G$89,"haul",'Tier machines'!$L$88:$L$89,">0")=0,9E+099,SUMIFS('Tier machines'!$L$88:$L$89,'Tier machines'!$G$88:$G$89,"haul")),IF(COUNTIFS('Tier machines'!$G$88:$G$89,"load",'Tier machines'!$L$88:$L$89,">0")=0,9E+099,SUMIFS('Tier machines'!$L$88:$L$89,'Tier machines'!$G$88:$G$89,"load")))) -> 1400 | I38: =IF(H38="","No catalog figure",IF(H38>=D38,"OK",IF(H38>=C38,"Covers lower part only","Below tier"))) -> OK | J38: Draft; 10 trucks x 140 LCY per truck-day
A39: A6 | B39: 8 | C39: 1401 | D39: 1680 | E39: LCY | F39: 1 x 4.5 yd (~225-250 hp) [WL-MED-45Y] *pacing; 12 x 3-axle (tri-axle), operated [DT-OP-3AXLE] | G39: 0.5 Foreman; 1 Operator (auto: follows machine count); 0.5 Laborer (spotter) | H39: =IF(MIN(IF(COUNTIFS('Tier machines'!$G$90:$G$91,"haul",'Tier machines'!$L$90:$L$91,">0")=0,9E+099,SUMIFS('Tier machines'!$L$90:$L$91,'Tier machines'!$G$90:$G$91,"haul")),IF(COUNTIFS('Tier machines'!$G$90:$G$91,"load",'Tier machines'!$L$90:$L$91,">0")=0,9E+099,SUMIFS('Tier machines'!$L$90:$L$91,'Tier machines'!$G$90:$G$91,"load")))>=9E+099,"",MIN(IF(COUNTIFS('Tier machines'!$G$90:$G$91,"haul",'Tier machines'!$L$90:$L$91,">0")=0,9E+099,SUMIFS('Tier machines'!$L$90:$L$91,'Tier machines'!$G$90:$G$91,"haul")),IF(COUNTIFS('Tier machines'!$G$90:$G$91,"load",'Tier machines'!$L$90:$L$91,">0")=0,9E+099,SUMIFS('Tier machines'!$L$90:$L$91,'Tier machines'!$G$90:$G$91,"load")))) -> 1680 | I39: =IF(H39="","No catalog figure",IF(H39>=D39,"OK",IF(H39>=C39,"Covers lower part only","Below tier"))) -> OK | J39: Draft; 12 trucks x 140 LCY per truck-day
A40: A6 | B40: 9 | C40: 1681 | D40: 2100 | E40: LCY | F40: 1 x 4.5 yd (~225-250 hp) [WL-MED-45Y] *pacing; 15 x 3-axle (tri-axle), operated [DT-OP-3AXLE] | G40: 0.5 Foreman; 1 Operator (auto: follows machine count); 0.5 Laborer (spotter) | H40: =IF(MIN(IF(COUNTIFS('Tier machines'!$G$92:$G$93,"haul",'Tier machines'!$L$92:$L$93,">0")=0,9E+099,SUMIFS('Tier machines'!$L$92:$L$93,'Tier machines'!$G$92:$G$93,"haul")),IF(COUNTIFS('Tier machines'!$G$92:$G$93,"load",'Tier machines'!$L$92:$L$93,">0")=0,9E+099,SUMIFS('Tier machines'!$L$92:$L$93,'Tier machines'!$G$92:$G$93,"load")))>=9E+099,"",MIN(IF(COUNTIFS('Tier machines'!$G$92:$G$93,"haul",'Tier machines'!$L$92:$L$93,">0")=0,9E+099,SUMIFS('Tier machines'!$L$92:$L$93,'Tier machines'!$G$92:$G$93,"haul")),IF(COUNTIFS('Tier machines'!$G$92:$G$93,"load",'Tier machines'!$L$92:$L$93,">0")=0,9E+099,SUMIFS('Tier machines'!$L$92:$L$93,'Tier machines'!$G$92:$G$93,"load")))) -> 2100 | I40: =IF(H40="","No catalog figure",IF(H40>=D40,"OK",IF(H40>=C40,"Covers lower part only","Below tier"))) -> OK | J40: Draft; 15 trucks x 140 LCY per truck-day
A41: A6 | B41: 10 | C41: 2101 | D41: 2520 | E41: LCY | F41: 1 x 4.5 yd (~225-250 hp) [WL-MED-45Y] *pacing; 18 x 3-axle (tri-axle), operated [DT-OP-3AXLE] | G41: 0.5 Foreman; 1 Operator (auto: follows machine count); 0.5 Laborer (spotter) | H41: =IF(MIN(IF(COUNTIFS('Tier machines'!$G$94:$G$95,"haul",'Tier machines'!$L$94:$L$95,">0")=0,9E+099,SUMIFS('Tier machines'!$L$94:$L$95,'Tier machines'!$G$94:$G$95,"haul")),IF(COUNTIFS('Tier machines'!$G$94:$G$95,"load",'Tier machines'!$L$94:$L$95,">0")=0,9E+099,SUMIFS('Tier machines'!$L$94:$L$95,'Tier machines'!$G$94:$G$95,"load")))>=9E+099,"",MIN(IF(COUNTIFS('Tier machines'!$G$94:$G$95,"haul",'Tier machines'!$L$94:$L$95,">0")=0,9E+099,SUMIFS('Tier machines'!$L$94:$L$95,'Tier machines'!$G$94:$G$95,"haul")),IF(COUNTIFS('Tier machines'!$G$94:$G$95,"load",'Tier machines'!$L$94:$L$95,">0")=0,9E+099,SUMIFS('Tier machines'!$L$94:$L$95,'Tier machines'!$G$94:$G$95,"load")))) -> 2520 | I41: =IF(H41="","No catalog figure",IF(H41>=D41,"OK",IF(H41>=C41,"Covers lower part only","Below tier"))) -> OK | J41: Draft; 18 trucks x 140 LCY per truck-day
A42: A6 | B42: 11 | C42: 2521 | E42: LCY | F42: 1 x 4.5 yd (~225-250 hp) [WL-MED-45Y] *pacing; 22 x 3-axle (tri-axle), operated [DT-OP-3AXLE] | G42: 0.5 Foreman; 1 Operator (auto: follows machine count); 0.5 Laborer (spotter) | H42: =IF(MIN(IF(COUNTIFS('Tier machines'!$G$96:$G$97,"haul",'Tier machines'!$L$96:$L$97,">0")=0,9E+099,SUMIFS('Tier machines'!$L$96:$L$97,'Tier machines'!$G$96:$G$97,"haul")),IF(COUNTIFS('Tier machines'!$G$96:$G$97,"load",'Tier machines'!$L$96:$L$97,">0")=0,9E+099,SUMIFS('Tier machines'!$L$96:$L$97,'Tier machines'!$G$96:$G$97,"load")))>=9E+099,"",MIN(IF(COUNTIFS('Tier machines'!$G$96:$G$97,"haul",'Tier machines'!$L$96:$L$97,">0")=0,9E+099,SUMIFS('Tier machines'!$L$96:$L$97,'Tier machines'!$G$96:$G$97,"haul")),IF(COUNTIFS('Tier machines'!$G$96:$G$97,"load",'Tier machines'!$L$96:$L$97,">0")=0,9E+099,SUMIFS('Tier machines'!$L$96:$L$97,'Tier machines'!$G$96:$G$97,"load")))) -> 3080 | I42: =IF(H42="","No catalog figure",IF(H42>=C42,"OK",IF(H42>=C42,"Covers lower part only","Below tier"))) -> OK | J42: Draft; 22 trucks x 140 LCY per truck-day
A43: A7 | B43: 1 | C43: 200 | D43: 280 | E43: LCY | F43: 2 x 3-axle (tri-axle), operated [DT-OP-3AXLE] *pacing | G43: 0.5 Laborer (spotter) | H43: =IF(IF(COUNTIFS('Tier machines'!$G$98:$G$98,"haul",'Tier machines'!$L$98:$L$98,">0")=0,9E+099,SUMIFS('Tier machines'!$L$98:$L$98,'Tier machines'!$G$98:$G$98,"haul"))>=9E+099,"",IF(COUNTIFS('Tier machines'!$G$98:$G$98,"haul",'Tier machines'!$L$98:$L$98,">0")=0,9E+099,SUMIFS('Tier machines'!$L$98:$L$98,'Tier machines'!$G$98:$G$98,"haul"))) -> 280 | I43: =IF(H43="","No catalog figure",IF(H43>=D43,"OK",IF(H43>=C43,"Covers lower part only","Below tier"))) -> OK | J43: Draft; 2 trucks x 140 LCY per truck-day
A44: A7 | B44: 2 | C44: 281 | D44: 420 | E44: LCY | F44: 3 x 3-axle (tri-axle), operated [DT-OP-3AXLE] *pacing | G44: 0.5 Laborer (spotter) | H44: =IF(IF(COUNTIFS('Tier machines'!$G$99:$G$99,"haul",'Tier machines'!$L$99:$L$99,">0")=0,9E+099,SUMIFS('Tier machines'!$L$99:$L$99,'Tier machines'!$G$99:$G$99,"haul"))>=9E+099,"",IF(COUNTIFS('Tier machines'!$G$99:$G$99,"haul",'Tier machines'!$L$99:$L$99,">0")=0,9E+099,SUMIFS('Tier machines'!$L$99:$L$99,'Tier machines'!$G$99:$G$99,"haul"))) -> 420 | I44: =IF(H44="","No catalog figure",IF(H44>=D44,"OK",IF(H44>=C44,"Covers lower part only","Below tier"))) -> OK | J44: Draft; 3 trucks x 140 LCY per truck-day
A45: A7 | B45: 3 | C45: 421 | D45: 560 | E45: LCY | F45: 4 x 3-axle (tri-axle), operated [DT-OP-3AXLE] *pacing | G45: 0.5 Laborer (spotter) | H45: =IF(IF(COUNTIFS('Tier machines'!$G$100:$G$100,"haul",'Tier machines'!$L$100:$L$100,">0")=0,9E+099,SUMIFS('Tier machines'!$L$100:$L$100,'Tier machines'!$G$100:$G$100,"haul"))>=9E+099,"",IF(COUNTIFS('Tier machines'!$G$100:$G$100,"haul",'Tier machines'!$L$100:$L$100,">0")=0,9E+099,SUMIFS('Tier machines'!$L$100:$L$100,'Tier machines'!$G$100:$G$100,"haul"))) -> 560 | I45: =IF(H45="","No catalog figure",IF(H45>=D45,"OK",IF(H45>=C45,"Covers lower part only","Below tier"))) -> OK | J45: Draft; 4 trucks x 140 LCY per truck-day
A46: A7 | B46: 4 | C46: 561 | D46: 700 | E46: LCY | F46: 5 x 3-axle (tri-axle), operated [DT-OP-3AXLE] *pacing | G46: 0.5 Laborer (spotter) | H46: =IF(IF(COUNTIFS('Tier machines'!$G$101:$G$101,"haul",'Tier machines'!$L$101:$L$101,">0")=0,9E+099,SUMIFS('Tier machines'!$L$101:$L$101,'Tier machines'!$G$101:$G$101,"haul"))>=9E+099,"",IF(COUNTIFS('Tier machines'!$G$101:$G$101,"haul",'Tier machines'!$L$101:$L$101,">0")=0,9E+099,SUMIFS('Tier machines'!$L$101:$L$101,'Tier machines'!$G$101:$G$101,"haul"))) -> 700 | I46: =IF(H46="","No catalog figure",IF(H46>=D46,"OK",IF(H46>=C46,"Covers lower part only","Below tier"))) -> OK | J46: Draft; 5 trucks x 140 LCY per truck-day
A47: A7 | B47: 5 | C47: 701 | D47: 840 | E47: LCY | F47: 6 x 3-axle (tri-axle), operated [DT-OP-3AXLE] *pacing | G47: 0.5 Laborer (spotter) | H47: =IF(IF(COUNTIFS('Tier machines'!$G$102:$G$102,"haul",'Tier machines'!$L$102:$L$102,">0")=0,9E+099,SUMIFS('Tier machines'!$L$102:$L$102,'Tier machines'!$G$102:$G$102,"haul"))>=9E+099,"",IF(COUNTIFS('Tier machines'!$G$102:$G$102,"haul",'Tier machines'!$L$102:$L$102,">0")=0,9E+099,SUMIFS('Tier machines'!$L$102:$L$102,'Tier machines'!$G$102:$G$102,"haul"))) -> 840 | I47: =IF(H47="","No catalog figure",IF(H47>=D47,"OK",IF(H47>=C47,"Covers lower part only","Below tier"))) -> OK | J47: Draft; 6 trucks x 140 LCY per truck-day
A48: A7 | B48: 6 | C48: 841 | D48: 1120 | E48: LCY | F48: 8 x 3-axle (tri-axle), operated [DT-OP-3AXLE] *pacing | G48: 0.5 Laborer (spotter) | H48: =IF(IF(COUNTIFS('Tier machines'!$G$103:$G$103,"haul",'Tier machines'!$L$103:$L$103,">0")=0,9E+099,SUMIFS('Tier machines'!$L$103:$L$103,'Tier machines'!$G$103:$G$103,"haul"))>=9E+099,"",IF(COUNTIFS('Tier machines'!$G$103:$G$103,"haul",'Tier machines'!$L$103:$L$103,">0")=0,9E+099,SUMIFS('Tier machines'!$L$103:$L$103,'Tier machines'!$G$103:$G$103,"haul"))) -> 1120 | I48: =IF(H48="","No catalog figure",IF(H48>=D48,"OK",IF(H48>=C48,"Covers lower part only","Below tier"))) -> OK | J48: Draft; 8 trucks x 140 LCY per truck-day
A49: A7 | B49: 7 | C49: 1121 | D49: 1400 | E49: LCY | F49: 10 x 3-axle (tri-axle), operated [DT-OP-3AXLE] *pacing | G49: 0.5 Laborer (spotter) | H49: =IF(IF(COUNTIFS('Tier machines'!$G$104:$G$104,"haul",'Tier machines'!$L$104:$L$104,">0")=0,9E+099,SUMIFS('Tier machines'!$L$104:$L$104,'Tier machines'!$G$104:$G$104,"haul"))>=9E+099,"",IF(COUNTIFS('Tier machines'!$G$104:$G$104,"haul",'Tier machines'!$L$104:$L$104,">0")=0,9E+099,SUMIFS('Tier machines'!$L$104:$L$104,'Tier machines'!$G$104:$G$104,"haul"))) -> 1400 | I49: =IF(H49="","No catalog figure",IF(H49>=D49,"OK",IF(H49>=C49,"Covers lower part only","Below tier"))) -> OK | J49: Draft; 10 trucks x 140 LCY per truck-day
A50: A7 | B50: 8 | C50: 1401 | D50: 1680 | E50: LCY | F50: 12 x 3-axle (tri-axle), operated [DT-OP-3AXLE] *pacing | G50: 0.5 Laborer (spotter) | H50: =IF(IF(COUNTIFS('Tier machines'!$G$105:$G$105,"haul",'Tier machines'!$L$105:$L$105,">0")=0,9E+099,SUMIFS('Tier machines'!$L$105:$L$105,'Tier machines'!$G$105:$G$105,"haul"))>=9E+099,"",IF(COUNTIFS('Tier machines'!$G$105:$G$105,"haul",'Tier machines'!$L$105:$L$105,">0")=0,9E+099,SUMIFS('Tier machines'!$L$105:$L$105,'Tier machines'!$G$105:$G$105,"haul"))) -> 1680 | I50: =IF(H50="","No catalog figure",IF(H50>=D50,"OK",IF(H50>=C50,"Covers lower part only","Below tier"))) -> OK | J50: Draft; 12 trucks x 140 LCY per truck-day
A51: A7 | B51: 9 | C51: 1681 | D51: 2100 | E51: LCY | F51: 15 x 3-axle (tri-axle), operated [DT-OP-3AXLE] *pacing | G51: 0.5 Laborer (spotter) | H51: =IF(IF(COUNTIFS('Tier machines'!$G$106:$G$106,"haul",'Tier machines'!$L$106:$L$106,">0")=0,9E+099,SUMIFS('Tier machines'!$L$106:$L$106,'Tier machines'!$G$106:$G$106,"haul"))>=9E+099,"",IF(COUNTIFS('Tier machines'!$G$106:$G$106,"haul",'Tier machines'!$L$106:$L$106,">0")=0,9E+099,SUMIFS('Tier machines'!$L$106:$L$106,'Tier machines'!$G$106:$G$106,"haul"))) -> 2100 | I51: =IF(H51="","No catalog figure",IF(H51>=D51,"OK",IF(H51>=C51,"Covers lower part only","Below tier"))) -> OK | J51: Draft; 15 trucks x 140 LCY per truck-day
A52: A7 | B52: 10 | C52: 2101 | D52: 2520 | E52: LCY | F52: 18 x 3-axle (tri-axle), operated [DT-OP-3AXLE] *pacing | G52: 0.5 Laborer (spotter) | H52: =IF(IF(COUNTIFS('Tier machines'!$G$107:$G$107,"haul",'Tier machines'!$L$107:$L$107,">0")=0,9E+099,SUMIFS('Tier machines'!$L$107:$L$107,'Tier machines'!$G$107:$G$107,"haul"))>=9E+099,"",IF(COUNTIFS('Tier machines'!$G$107:$G$107,"haul",'Tier machines'!$L$107:$L$107,">0")=0,9E+099,SUMIFS('Tier machines'!$L$107:$L$107,'Tier machines'!$G$107:$G$107,"haul"))) -> 2520 | I52: =IF(H52="","No catalog figure",IF(H52>=D52,"OK",IF(H52>=C52,"Covers lower part only","Below tier"))) -> OK | J52: Draft; 18 trucks x 140 LCY per truck-day
A53: A7 | B53: 11 | C53: 2521 | E53: LCY | F53: 22 x 3-axle (tri-axle), operated [DT-OP-3AXLE] *pacing | G53: 0.5 Laborer (spotter) | H53: =IF(IF(COUNTIFS('Tier machines'!$G$108:$G$108,"haul",'Tier machines'!$L$108:$L$108,">0")=0,9E+099,SUMIFS('Tier machines'!$L$108:$L$108,'Tier machines'!$G$108:$G$108,"haul"))>=9E+099,"",IF(COUNTIFS('Tier machines'!$G$108:$G$108,"haul",'Tier machines'!$L$108:$L$108,">0")=0,9E+099,SUMIFS('Tier machines'!$L$108:$L$108,'Tier machines'!$G$108:$G$108,"haul"))) -> 3080 | I53: =IF(H53="","No catalog figure",IF(H53>=C53,"OK",IF(H53>=C53,"Covers lower part only","Below tier"))) -> OK | J53: Draft; 22 trucks x 140 LCY per truck-day
A54: A8 | B54: 1 | C54: 200 | D54: 280 | E54: LCY | F54: 2 x 3-axle (tri-axle), operated [DT-OP-3AXLE] *pacing | G54: 0.5 Laborer (dump spotter) | H54: =IF(IF(COUNTIFS('Tier machines'!$G$109:$G$109,"haul",'Tier machines'!$L$109:$L$109,">0")=0,9E+099,SUMIFS('Tier machines'!$L$109:$L$109,'Tier machines'!$G$109:$G$109,"haul"))>=9E+099,"",IF(COUNTIFS('Tier machines'!$G$109:$G$109,"haul",'Tier machines'!$L$109:$L$109,">0")=0,9E+099,SUMIFS('Tier machines'!$L$109:$L$109,'Tier machines'!$G$109:$G$109,"haul"))) -> 280 | I54: =IF(H54="","No catalog figure",IF(H54>=D54,"OK",IF(H54>=C54,"Covers lower part only","Below tier"))) -> OK | J54: Draft; 2 trucks x 140 LCY per truck-day
A55: A8 | B55: 2 | C55: 281 | D55: 420 | E55: LCY | F55: 3 x 3-axle (tri-axle), operated [DT-OP-3AXLE] *pacing | G55: 0.5 Laborer (dump spotter) | H55: =IF(IF(COUNTIFS('Tier machines'!$G$110:$G$110,"haul",'Tier machines'!$L$110:$L$110,">0")=0,9E+099,SUMIFS('Tier machines'!$L$110:$L$110,'Tier machines'!$G$110:$G$110,"haul"))>=9E+099,"",IF(COUNTIFS('Tier machines'!$G$110:$G$110,"haul",'Tier machines'!$L$110:$L$110,">0")=0,9E+099,SUMIFS('Tier machines'!$L$110:$L$110,'Tier machines'!$G$110:$G$110,"haul"))) -> 420 | I55: =IF(H55="","No catalog figure",IF(H55>=D55,"OK",IF(H55>=C55,"Covers lower part only","Below tier"))) -> OK | J55: Draft; 3 trucks x 140 LCY per truck-day
A56: A8 | B56: 3 | C56: 421 | D56: 560 | E56: LCY | F56: 4 x 3-axle (tri-axle), operated [DT-OP-3AXLE] *pacing | G56: 0.5 Laborer (dump spotter) | H56: =IF(IF(COUNTIFS('Tier machines'!$G$111:$G$111,"haul",'Tier machines'!$L$111:$L$111,">0")=0,9E+099,SUMIFS('Tier machines'!$L$111:$L$111,'Tier machines'!$G$111:$G$111,"haul"))>=9E+099,"",IF(COUNTIFS('Tier machines'!$G$111:$G$111,"haul",'Tier machines'!$L$111:$L$111,">0")=0,9E+099,SUMIFS('Tier machines'!$L$111:$L$111,'Tier machines'!$G$111:$G$111,"haul"))) -> 560 | I56: =IF(H56="","No catalog figure",IF(H56>=D56,"OK",IF(H56>=C56,"Covers lower part only","Below tier"))) -> OK | J56: Draft; 4 trucks x 140 LCY per truck-day
A57: A8 | B57: 4 | C57: 561 | D57: 700 | E57: LCY | F57: 5 x 3-axle (tri-axle), operated [DT-OP-3AXLE] *pacing | G57: 0.5 Laborer (dump spotter) | H57: =IF(IF(COUNTIFS('Tier machines'!$G$112:$G$112,"haul",'Tier machines'!$L$112:$L$112,">0")=0,9E+099,SUMIFS('Tier machines'!$L$112:$L$112,'Tier machines'!$G$112:$G$112,"haul"))>=9E+099,"",IF(COUNTIFS('Tier machines'!$G$112:$G$112,"haul",'Tier machines'!$L$112:$L$112,">0")=0,9E+099,SUMIFS('Tier machines'!$L$112:$L$112,'Tier machines'!$G$112:$G$112,"haul"))) -> 700 | I57: =IF(H57="","No catalog figure",IF(H57>=D57,"OK",IF(H57>=C57,"Covers lower part only","Below tier"))) -> OK | J57: Draft; 5 trucks x 140 LCY per truck-day
A58: A8 | B58: 5 | C58: 701 | D58: 840 | E58: LCY | F58: 6 x 3-axle (tri-axle), operated [DT-OP-3AXLE] *pacing | G58: 0.5 Laborer (dump spotter) | H58: =IF(IF(COUNTIFS('Tier machines'!$G$113:$G$113,"haul",'Tier machines'!$L$113:$L$113,">0")=0,9E+099,SUMIFS('Tier machines'!$L$113:$L$113,'Tier machines'!$G$113:$G$113,"haul"))>=9E+099,"",IF(COUNTIFS('Tier machines'!$G$113:$G$113,"haul",'Tier machines'!$L$113:$L$113,">0")=0,9E+099,SUMIFS('Tier machines'!$L$113:$L$113,'Tier machines'!$G$113:$G$113,"haul"))) -> 840 | I58: =IF(H58="","No catalog figure",IF(H58>=D58,"OK",IF(H58>=C58,"Covers lower part only","Below tier"))) -> OK | J58: Draft; 6 trucks x 140 LCY per truck-day
A59: A8 | B59: 6 | C59: 841 | D59: 1120 | E59: LCY | F59: 8 x 3-axle (tri-axle), operated [DT-OP-3AXLE] *pacing | G59: 0.5 Laborer (dump spotter) | H59: =IF(IF(COUNTIFS('Tier machines'!$G$114:$G$114,"haul",'Tier machines'!$L$114:$L$114,">0")=0,9E+099,SUMIFS('Tier machines'!$L$114:$L$114,'Tier machines'!$G$114:$G$114,"haul"))>=9E+099,"",IF(COUNTIFS('Tier machines'!$G$114:$G$114,"haul",'Tier machines'!$L$114:$L$114,">0")=0,9E+099,SUMIFS('Tier machines'!$L$114:$L$114,'Tier machines'!$G$114:$G$114,"haul"))) -> 1120 | I59: =IF(H59="","No catalog figure",IF(H59>=D59,"OK",IF(H59>=C59,"Covers lower part only","Below tier"))) -> OK | J59: Draft; 8 trucks x 140 LCY per truck-day
A60: A8 | B60: 7 | C60: 1121 | D60: 1400 | E60: LCY | F60: 10 x 3-axle (tri-axle), operated [DT-OP-3AXLE] *pacing | G60: 0.5 Laborer (dump spotter) | H60: =IF(IF(COUNTIFS('Tier machines'!$G$115:$G$115,"haul",'Tier machines'!$L$115:$L$115,">0")=0,9E+099,SUMIFS('Tier machines'!$L$115:$L$115,'Tier machines'!$G$115:$G$115,"haul"))>=9E+099,"",IF(COUNTIFS('Tier machines'!$G$115:$G$115,"haul",'Tier machines'!$L$115:$L$115,">0")=0,9E+099,SUMIFS('Tier machines'!$L$115:$L$115,'Tier machines'!$G$115:$G$115,"haul"))) -> 1400 | I60: =IF(H60="","No catalog figure",IF(H60>=D60,"OK",IF(H60>=C60,"Covers lower part only","Below tier"))) -> OK | J60: Draft; 10 trucks x 140 LCY per truck-day
A61: A8 | B61: 8 | C61: 1401 | D61: 1680 | E61: LCY | F61: 12 x 3-axle (tri-axle), operated [DT-OP-3AXLE] *pacing | G61: 0.5 Laborer (dump spotter) | H61: =IF(IF(COUNTIFS('Tier machines'!$G$116:$G$116,"haul",'Tier machines'!$L$116:$L$116,">0")=0,9E+099,SUMIFS('Tier machines'!$L$116:$L$116,'Tier machines'!$G$116:$G$116,"haul"))>=9E+099,"",IF(COUNTIFS('Tier machines'!$G$116:$G$116,"haul",'Tier machines'!$L$116:$L$116,">0")=0,9E+099,SUMIFS('Tier machines'!$L$116:$L$116,'Tier machines'!$G$116:$G$116,"haul"))) -> 1680 | I61: =IF(H61="","No catalog figure",IF(H61>=D61,"OK",IF(H61>=C61,"Covers lower part only","Below tier"))) -> OK | J61: Draft; 12 trucks x 140 LCY per truck-day
A62: A8 | B62: 9 | C62: 1681 | D62: 2100 | E62: LCY | F62: 15 x 3-axle (tri-axle), operated [DT-OP-3AXLE] *pacing | G62: 0.5 Laborer (dump spotter) | H62: =IF(IF(COUNTIFS('Tier machines'!$G$117:$G$117,"haul",'Tier machines'!$L$117:$L$117,">0")=0,9E+099,SUMIFS('Tier machines'!$L$117:$L$117,'Tier machines'!$G$117:$G$117,"haul"))>=9E+099,"",IF(COUNTIFS('Tier machines'!$G$117:$G$117,"haul",'Tier machines'!$L$117:$L$117,">0")=0,9E+099,SUMIFS('Tier machines'!$L$117:$L$117,'Tier machines'!$G$117:$G$117,"haul"))) -> 2100 | I62: =IF(H62="","No catalog figure",IF(H62>=D62,"OK",IF(H62>=C62,"Covers lower part only","Below tier"))) -> OK | J62: Draft; 15 trucks x 140 LCY per truck-day
A63: A8 | B63: 10 | C63: 2101 | D63: 2520 | E63: LCY | F63: 18 x 3-axle (tri-axle), operated [DT-OP-3AXLE] *pacing | G63: 0.5 Laborer (dump spotter) | H63: =IF(IF(COUNTIFS('Tier machines'!$G$118:$G$118,"haul",'Tier machines'!$L$118:$L$118,">0")=0,9E+099,SUMIFS('Tier machines'!$L$118:$L$118,'Tier machines'!$G$118:$G$118,"haul"))>=9E+099,"",IF(COUNTIFS('Tier machines'!$G$118:$G$118,"haul",'Tier machines'!$L$118:$L$118,">0")=0,9E+099,SUMIFS('Tier machines'!$L$118:$L$118,'Tier machines'!$G$118:$G$118,"haul"))) -> 2520 | I63: =IF(H63="","No catalog figure",IF(H63>=D63,"OK",IF(H63>=C63,"Covers lower part only","Below tier"))) -> OK | J63: Draft; 18 trucks x 140 LCY per truck-day
A64: A8 | B64: 11 | C64: 2521 | E64: LCY | F64: 22 x 3-axle (tri-axle), operated [DT-OP-3AXLE] *pacing | G64: 0.5 Laborer (dump spotter) | H64: =IF(IF(COUNTIFS('Tier machines'!$G$119:$G$119,"haul",'Tier machines'!$L$119:$L$119,">0")=0,9E+099,SUMIFS('Tier machines'!$L$119:$L$119,'Tier machines'!$G$119:$G$119,"haul"))>=9E+099,"",IF(COUNTIFS('Tier machines'!$G$119:$G$119,"haul",'Tier machines'!$L$119:$L$119,">0")=0,9E+099,SUMIFS('Tier machines'!$L$119:$L$119,'Tier machines'!$G$119:$G$119,"haul"))) -> 3080 | I64: =IF(H64="","No catalog figure",IF(H64>=C64,"OK",IF(H64>=C64,"Covers lower part only","Below tier"))) -> OK | J64: Draft; 22 trucks x 140 LCY per truck-day
A65: A9 | B65: 1 | C65: 30 | D65: 79 | E65: BCY | F65: 1 x 20-25 t (~48,500-62,800 lb) [EX-CRAWL-20T] *pacing; 1 x Hydraulic breaker for 20-30 t excavator [AT-BRK-20T] | G65: 0.25 Foreman; 1 Operator (auto: follows machine count); 0.5 Laborer | I65: Not checked | J65: Old sheet: Hammer Hoe 50/day
A66: A9 | B66: 2 | C66: 80 | D66: 149 | E66: BCY | F66: 1 x 30-36 t (~68,000-81,000 lb) [EX-CRAWL-30T] *pacing; 1 x Hydraulic breaker for ~36 t excavator (HB-3100) [AT-BRK-36T]; 1 x 20-25 t (~48,500-62,800 lb) [EX-CRAWL-20T] | G66: 0.5 Foreman; 2 Operator (auto: follows machine count); 0.5 Laborer | I66: Not checked | J66: Draft
A67: A9 | B67: 3 | C67: 150 | D67: 299 | E67: BCY | F67: 2 x 30-36 t (~68,000-81,000 lb) [EX-CRAWL-30T] *pacing; 2 x Hydraulic breaker for ~36 t excavator (HB-3100) [AT-BRK-36T]; 1 x 30-36 t (~68,000-81,000 lb) [EX-CRAWL-30T] | G67: 0.5 Foreman; 3 Operator (auto: follows machine count); 1 Laborer | I67: Not checked | J67: Draft
A68: A9 | B68: 4 | C68: 300 | E68: BCY | F68: 3 x 30-36 t (~68,000-81,000 lb) [EX-CRAWL-30T] *pacing; 3 x Hydraulic breaker for ~36 t excavator (HB-3100) [AT-BRK-36T]; 1 x 45-55 t (~105,000-108,000 lb) [EX-CRAWL-50T] | G68: 1 Foreman; 4 Operator (auto: follows machine count); 1 Laborer | I68: Not checked | J68: Draft
A69: A10 | B69: 1 | C69: 200 | D69: 599 | E69: BCY | F69: 1 x D8 class (~363 hp) [DZ-CRAWL-D8] *pacing | G69: 1 Operator (auto: follows machine count); 0.25 Foreman | H69: =IF(IF(COUNTIFS('Tier machines'!$G$131:$G$131,"main",'Tier machines'!$L$131:$L$131,">0")=0,9E+099,SUMIFS('Tier machines'!$L$131:$L$131,'Tier machines'!$G$131:$G$131,"main"))>=9E+099,"",IF(COUNTIFS('Tier machines'!$G$131:$G$131,"main",'Tier machines'!$L$131:$L$131,">0")=0,9E+099,SUMIFS('Tier machines'!$L$131:$L$131,'Tier machines'!$G$131:$G$131,"main"))) -> 3000 | I69: =IF(H69="","No catalog figure",IF(H69>=D69,"OK",IF(H69>=C69,"Covers lower part only","Below tier"))) -> OK | J69: Old sheet: Ripping Rock 400/day (D8R)
A70: A10 | B70: 2 | C70: 600 | E70: BCY | F70: 2 x D8 class (~363 hp) [DZ-CRAWL-D8] *pacing | G70: 2 Operator (auto: follows machine count); 0.5 Foreman | H70: =IF(IF(COUNTIFS('Tier machines'!$G$132:$G$132,"main",'Tier machines'!$L$132:$L$132,">0")=0,9E+099,SUMIFS('Tier machines'!$L$132:$L$132,'Tier machines'!$G$132:$G$132,"main"))>=9E+099,"",IF(COUNTIFS('Tier machines'!$G$132:$G$132,"main",'Tier machines'!$L$132:$L$132,">0")=0,9E+099,SUMIFS('Tier machines'!$L$132:$L$132,'Tier machines'!$G$132:$G$132,"main"))) -> 6000 | I70: =IF(H70="","No catalog figure",IF(H70>=C70,"OK",IF(H70>=C70,"Covers lower part only","Below tier"))) -> OK | J70: Draft
A71: A11 | B71: 1 | C71: 2000 | D71: 7999 | E71: SF | F71: 1 x ROC >3,000 lb [CTL-LARGE] *pacing; 0.5 x 84 in smooth [CP-SD-84-SM] | G71: 0.25 Foreman; 1.5 Operator (auto: follows machine count); 2 Laborer | I71: Not checked | J71: Draft
A72: A11 | B72: 2 | C72: 8000 | D72: 19999 | E72: SF | F72: 1 x 12 ft (Cat 140) [GR-12FT-140] *pacing; 0.5 x 84 in smooth [CP-SD-84-SM]; 0.25 x 4,000 gal (6x4) [WT-4000] (optional, catalog gap) | G72: 0.5 Foreman; 1.5 Operator (auto: follows machine count); 2 Laborer; 0.5 Grade checker | I72: Not checked | J72: Draft
A73: A11 | B73: 3 | C73: 20000 | D73: 44999 | E73: SF | F73: 1 x 12 ft (Cat 140) [GR-12FT-140] *pacing; 0.5 x 84 in smooth [CP-SD-84-SM]; 0.5 x Standard 14-15 ft dig (90-103 hp) [BH-STD-14FT]; 0.5 x 4,000 gal (6x4) [WT-4000] (optional, catalog gap) | G73: 1 Foreman; 2 Operator (auto: follows machine count); 2 Laborer | I73: Not checked | J73: Old sheet: Finegrade Crew 30,000 SF/day (grader + 1/2 roller + 1/2 backhoe + 1/2 water truck)
A74: A11 | B74: 4 | C74: 45000 | E74: SF | F74: 1 x 14 ft (Cat 160) [GR-14FT-160] *pacing; 1 x 84 in smooth [CP-SD-84-SM]; 0.5 x Standard 14-15 ft dig (90-103 hp) [BH-STD-14FT]; 0.5 x 4,000 gal (6x4) [WT-4000] (optional, catalog gap) | G74: 1 Foreman; 2.5 Operator (auto: follows machine count); 2 Laborer; 1 Grade checker | I74: Not checked | J74: Draft
A75: A12 | B75: 1 | C75: 60 | D75: 119 | E75: LF | F75: 1 x 20-25 t (~48,500-62,800 lb) [EX-CRAWL-20T] *pacing; 1 x ~1-1.25 yd (~68-75 hp) [WL-COMPACT-1Y]; 1 x ~32-33 in, ~3,200 lb [CP-TRENCH-ROLLER] (optional, catalog gap); 1 x ~800-1,100 lb reversible plate [CP-PLATE-REV] (optional, catalog gap) | G75: 1 Foreman; 2 Operator (auto: follows machine count); 2 Pipelayer; 2 Laborer | I75: Not checked | J75: Draft
A76: A12 | B76: 2 | C76: 120 | D76: 199 | E76: LF | F76: 1 x 30-36 t (~68,000-81,000 lb) [EX-CRAWL-30T] *pacing; 1 x ~1-1.25 yd (~68-75 hp) [WL-COMPACT-1Y]; 1 x ~32-33 in, ~3,200 lb [CP-TRENCH-ROLLER] (optional, catalog gap); 1 x ~800-1,100 lb reversible plate [CP-PLATE-REV] (optional, catalog gap) | G76: 1 Foreman; 2 Operator (auto: follows machine count); 4 Laborer | I76: Not checked | J76: Old sheet: Storm slow 120 / fast 200 LF/day (PC-300 + IT28 loader + trench roller + plate, 4 laborers)
A77: A12 | B77: 3 | C77: 200 | D77: 349 | E77: LF | F77: 1 x 30-36 t (~68,000-81,000 lb) [EX-CRAWL-30T] *pacing; 1 x 20-25 t (~48,500-62,800 lb) [EX-CRAWL-20T]; 1 x ~1-1.25 yd (~68-75 hp) [WL-COMPACT-1Y]; 1 x D3 class (~100-104 hp, 20-24k lb) [DZ-CRAWL-D3]; 1 x ~32-33 in, ~3,200 lb [CP-TRENCH-ROLLER] (optional, catalog gap); 1 x ~800-1,100 lb reversible plate [CP-PLATE-REV] (optional, catalog gap) | G77: 1 Foreman; 4 Operator (auto: follows machine count); 5 Laborer | I77: Not checked | J77: Old sheet: Sewer 2 hoes 250 LF/day (PC220 + CAT 325 + IT28 + D4 + trench roller + plate, 5 laborers)
A78: A12 | B78: 4 | C78: 350 | E78: LF | F78: 2 x 30-36 t (~68,000-81,000 lb) [EX-CRAWL-30T] *pacing; 1 x 2-2.5 yd (~110 hp) [WL-COMPACT-2Y]; 1 x D4 class (~130 hp, ~30k lb) [DZ-CRAWL-D4]; 1 x ~32-33 in, ~3,200 lb [CP-TRENCH-ROLLER] (optional, catalog gap); 1 x ~800-1,100 lb reversible plate [CP-PLATE-REV] (optional, catalog gap) | G78: 1 Foreman; 4 Operator (auto: follows machine count); 6 Laborer | I78: Not checked | J78: Draft
A79: A13 | B79: 1 | C79: 60 | D79: 199 | E79: LF | F79: 1 x Steel trench box 8x20 [TB-STL-8x20] *pacing | I79: Not checked | J79: Draft
A80: A13 | B80: 2 | C80: 200 | E80: LF | F80: 2 x Steel trench box 8x20 [TB-STL-8x20] *pacing | I80: Not checked | J80: Draft

Sheet Default production
A1: Activity | B1: Activity name | C1: Job quantity from | D1: Job quantity to | E1: Unit | F1: Default production /day | G1: Tier it lands in
A2: A1 | B2: Excavate and load (on-site haul) | C2: 0 | D2: 999 | E2: BCY | F2: 250 | G2: =SUMPRODUCT((Tiers!$A$2:$A$200=A2)*(Tiers!$C$2:$C$200<=F2)*((Tiers!$D$2:$D$200="")+(Tiers!$D$2:$D$200>=F2)>0)*Tiers!$B$2:$B$200) -> 1
A3: A1 | B3: Excavate and load (on-site haul) | C3: 1000 | D3: 2999 | E3: BCY | F3: 400 | G3: =SUMPRODUCT((Tiers!$A$2:$A$200=A3)*(Tiers!$C$2:$C$200<=F3)*((Tiers!$D$2:$D$200="")+(Tiers!$D$2:$D$200>=F3)>0)*Tiers!$B$2:$B$200) -> 2
A4: A1 | B4: Excavate and load (on-site haul) | C4: 3000 | D4: 7999 | E4: BCY | F4: 700 | G4: =SUMPRODUCT((Tiers!$A$2:$A$200=A4)*(Tiers!$C$2:$C$200<=F4)*((Tiers!$D$2:$D$200="")+(Tiers!$D$2:$D$200>=F4)>0)*Tiers!$B$2:$B$200) -> 3
A5: A1 | B5: Excavate and load (on-site haul) | C5: 8000 | D5: 19999 | E5: BCY | F5: 1000 | G5: =SUMPRODUCT((Tiers!$A$2:$A$200=A5)*(Tiers!$C$2:$C$200<=F5)*((Tiers!$D$2:$D$200="")+(Tiers!$D$2:$D$200>=F5)>0)*Tiers!$B$2:$B$200) -> 4
A6: A1 | B6: Excavate and load (on-site haul) | C6: 20000 | D6: 41999 | E6: BCY | F6: 1500 | G6: =SUMPRODUCT((Tiers!$A$2:$A$200=A6)*(Tiers!$C$2:$C$200<=F6)*((Tiers!$D$2:$D$200="")+(Tiers!$D$2:$D$200>=F6)>0)*Tiers!$B$2:$B$200) -> 5
A7: A1 | B7: Excavate and load (on-site haul) | C7: 42000 | D7: 83999 | E7: BCY | F7: 2500 | G7: =SUMPRODUCT((Tiers!$A$2:$A$200=A7)*(Tiers!$C$2:$C$200<=F7)*((Tiers!$D$2:$D$200="")+(Tiers!$D$2:$D$200>=F7)>0)*Tiers!$B$2:$B$200) -> 6
A8: A1 | B8: Excavate and load (on-site haul) | C8: 84000 | D8: 125999 | E8: BCY | F8: 5000 | G8: =SUMPRODUCT((Tiers!$A$2:$A$200=A8)*(Tiers!$C$2:$C$200<=F8)*((Tiers!$D$2:$D$200="")+(Tiers!$D$2:$D$200>=F8)>0)*Tiers!$B$2:$B$200) -> 8
A9: A1 | B9: Excavate and load (on-site haul) | C9: 126000 | E9: BCY | F9: 8000 | G9: =SUMPRODUCT((Tiers!$A$2:$A$200=A9)*(Tiers!$C$2:$C$200<=F9)*((Tiers!$D$2:$D$200="")+(Tiers!$D$2:$D$200>=F9)>0)*Tiers!$B$2:$B$200) -> 9
A10: A2 | B10: Excavate and load (direct to haul-off trucks) | C10: 0 | D10: 999 | E10: BCY | F10: 250 | G10: =SUMPRODUCT((Tiers!$A$2:$A$200=A10)*(Tiers!$C$2:$C$200<=F10)*((Tiers!$D$2:$D$200="")+(Tiers!$D$2:$D$200>=F10)>0)*Tiers!$B$2:$B$200) -> 1
A11: A2 | B11: Excavate and load (direct to haul-off trucks) | C11: 1000 | D11: 2999 | E11: BCY | F11: 400 | G11: =SUMPRODUCT((Tiers!$A$2:$A$200=A11)*(Tiers!$C$2:$C$200<=F11)*((Tiers!$D$2:$D$200="")+(Tiers!$D$2:$D$200>=F11)>0)*Tiers!$B$2:$B$200) -> 1
A12: A2 | B12: Excavate and load (direct to haul-off trucks) | C12: 3000 | D12: 7999 | E12: BCY | F12: 700 | G12: =SUMPRODUCT((Tiers!$A$2:$A$200=A12)*(Tiers!$C$2:$C$200<=F12)*((Tiers!$D$2:$D$200="")+(Tiers!$D$2:$D$200>=F12)>0)*Tiers!$B$2:$B$200) -> 2
A13: A2 | B13: Excavate and load (direct to haul-off trucks) | C13: 8000 | D13: 19999 | E13: BCY | F13: 1000 | G13: =SUMPRODUCT((Tiers!$A$2:$A$200=A13)*(Tiers!$C$2:$C$200<=F13)*((Tiers!$D$2:$D$200="")+(Tiers!$D$2:$D$200>=F13)>0)*Tiers!$B$2:$B$200) -> 2
A14: A2 | B14: Excavate and load (direct to haul-off trucks) | C14: 20000 | D14: 41999 | E14: BCY | F14: 1500 | G14: =SUMPRODUCT((Tiers!$A$2:$A$200=A14)*(Tiers!$C$2:$C$200<=F14)*((Tiers!$D$2:$D$200="")+(Tiers!$D$2:$D$200>=F14)>0)*Tiers!$B$2:$B$200) -> 3
A15: A2 | B15: Excavate and load (direct to haul-off trucks) | C15: 42000 | D15: 83999 | E15: BCY | F15: 2500 | G15: =SUMPRODUCT((Tiers!$A$2:$A$200=A15)*(Tiers!$C$2:$C$200<=F15)*((Tiers!$D$2:$D$200="")+(Tiers!$D$2:$D$200>=F15)>0)*Tiers!$B$2:$B$200) -> 3
A16: A2 | B16: Excavate and load (direct to haul-off trucks) | C16: 84000 | E16: BCY | F16: 4000 | G16: =SUMPRODUCT((Tiers!$A$2:$A$200=A16)*(Tiers!$C$2:$C$200<=F16)*((Tiers!$D$2:$D$200="")+(Tiers!$D$2:$D$200>=F16)>0)*Tiers!$B$2:$B$200) -> 4
A17: A3 | B17: Place and compact | C17: 0 | D17: 899 | E17: CCY | F17: 225 | G17: =SUMPRODUCT((Tiers!$A$2:$A$200=A17)*(Tiers!$C$2:$C$200<=F17)*((Tiers!$D$2:$D$200="")+(Tiers!$D$2:$D$200>=F17)>0)*Tiers!$B$2:$B$200) -> 1
A18: A3 | B18: Place and compact | C18: 900 | D18: 2699 | E18: CCY | F18: 360 | G18: =SUMPRODUCT((Tiers!$A$2:$A$200=A18)*(Tiers!$C$2:$C$200<=F18)*((Tiers!$D$2:$D$200="")+(Tiers!$D$2:$D$200>=F18)>0)*Tiers!$B$2:$B$200) -> 2
A19: A3 | B19: Place and compact | C19: 2700 | D19: 7199 | E19: CCY | F19: 630 | G19: =SUMPRODUCT((Tiers!$A$2:$A$200=A19)*(Tiers!$C$2:$C$200<=F19)*((Tiers!$D$2:$D$200="")+(Tiers!$D$2:$D$200>=F19)>0)*Tiers!$B$2:$B$200) -> 3
A20: A3 | B20: Place and compact | C20: 7200 | D20: 17999 | E20: CCY | F20: 900 | G20: =SUMPRODUCT((Tiers!$A$2:$A$200=A20)*(Tiers!$C$2:$C$200<=F20)*((Tiers!$D$2:$D$200="")+(Tiers!$D$2:$D$200>=F20)>0)*Tiers!$B$2:$B$200) -> 4
A21: A3 | B21: Place and compact | C21: 18000 | D21: 37799 | E21: CCY | F21: 1350 | G21: =SUMPRODUCT((Tiers!$A$2:$A$200=A21)*(Tiers!$C$2:$C$200<=F21)*((Tiers!$D$2:$D$200="")+(Tiers!$D$2:$D$200>=F21)>0)*Tiers!$B$2:$B$200) -> 5
A22: A3 | B22: Place and compact | C22: 37800 | D22: 75599 | E22: CCY | F22: 2250 | G22: =SUMPRODUCT((Tiers!$A$2:$A$200=A22)*(Tiers!$C$2:$C$200<=F22)*((Tiers!$D$2:$D$200="")+(Tiers!$D$2:$D$200>=F22)>0)*Tiers!$B$2:$B$200) -> 6
A23: A3 | B23: Place and compact | C23: 75600 | D23: 113399 | E23: CCY | F23: 4500 | G23: =SUMPRODUCT((Tiers!$A$2:$A$200=A23)*(Tiers!$C$2:$C$200<=F23)*((Tiers!$D$2:$D$200="")+(Tiers!$D$2:$D$200>=F23)>0)*Tiers!$B$2:$B$200) -> 7
A24: A3 | B24: Place and compact | C24: 113400 | E24: CCY | F24: 7200 | G24: =SUMPRODUCT((Tiers!$A$2:$A$200=A24)*(Tiers!$C$2:$C$200<=F24)*((Tiers!$D$2:$D$200="")+(Tiers!$D$2:$D$200>=F24)>0)*Tiers!$B$2:$B$200) -> 8
A25: A4 | B25: Strip topsoil (push to stockpile) | C25: 0 | D25: 999 | E25: BCY | F25: 300 | G25: =SUMPRODUCT((Tiers!$A$2:$A$200=A25)*(Tiers!$C$2:$C$200<=F25)*((Tiers!$D$2:$D$200="")+(Tiers!$D$2:$D$200>=F25)>0)*Tiers!$B$2:$B$200) -> 1
A26: A4 | B26: Strip topsoil (push to stockpile) | C26: 1000 | D26: 4999 | E26: BCY | F26: 700 | G26: =SUMPRODUCT((Tiers!$A$2:$A$200=A26)*(Tiers!$C$2:$C$200<=F26)*((Tiers!$D$2:$D$200="")+(Tiers!$D$2:$D$200>=F26)>0)*Tiers!$B$2:$B$200) -> 2
A27: A4 | B27: Strip topsoil (push to stockpile) | C27: 5000 | D27: 14999 | E27: BCY | F27: 1500 | G27: =SUMPRODUCT((Tiers!$A$2:$A$200=A27)*(Tiers!$C$2:$C$200<=F27)*((Tiers!$D$2:$D$200="")+(Tiers!$D$2:$D$200>=F27)>0)*Tiers!$B$2:$B$200) -> 3
A28: A4 | B28: Strip topsoil (push to stockpile) | C28: 15000 | E28: BCY | F28: 2300 | G28: =SUMPRODUCT((Tiers!$A$2:$A$200=A28)*(Tiers!$C$2:$C$200<=F28)*((Tiers!$D$2:$D$200="")+(Tiers!$D$2:$D$200>=F28)>0)*Tiers!$B$2:$B$200) -> 4
A29: A5 | B29: Respread topsoil (from stockpile) | C29: 0 | D29: 999 | E29: BCY | F29: 300 | G29: =SUMPRODUCT((Tiers!$A$2:$A$200=A29)*(Tiers!$C$2:$C$200<=F29)*((Tiers!$D$2:$D$200="")+(Tiers!$D$2:$D$200>=F29)>0)*Tiers!$B$2:$B$200) -> 1
A30: A5 | B30: Respread topsoil (from stockpile) | C30: 1000 | D30: 4999 | E30: BCY | F30: 600 | G30: =SUMPRODUCT((Tiers!$A$2:$A$200=A30)*(Tiers!$C$2:$C$200<=F30)*((Tiers!$D$2:$D$200="")+(Tiers!$D$2:$D$200>=F30)>0)*Tiers!$B$2:$B$200) -> 2
A31: A5 | B31: Respread topsoil (from stockpile) | C31: 5000 | D31: 14999 | E31: BCY | F31: 1200 | G31: =SUMPRODUCT((Tiers!$A$2:$A$200=A31)*(Tiers!$C$2:$C$200<=F31)*((Tiers!$D$2:$D$200="")+(Tiers!$D$2:$D$200>=F31)>0)*Tiers!$B$2:$B$200) -> 3
A32: A5 | B32: Respread topsoil (from stockpile) | C32: 15000 | E32: BCY | F32: 2000 | G32: =SUMPRODUCT((Tiers!$A$2:$A$200=A32)*(Tiers!$C$2:$C$200<=F32)*((Tiers!$D$2:$D$200="")+(Tiers!$D$2:$D$200>=F32)>0)*Tiers!$B$2:$B$200) -> 4
A33: A6 | B33: Load and haul off (from stockpile) | C33: 0 | D33: 499 | E33: LCY | F33: 250 | G33: =SUMPRODUCT((Tiers!$A$2:$A$200=A33)*(Tiers!$C$2:$C$200<=F33)*((Tiers!$D$2:$D$200="")+(Tiers!$D$2:$D$200>=F33)>0)*Tiers!$B$2:$B$200) -> 1
A34: A6 | B34: Load and haul off (from stockpile) | C34: 500 | D34: 2999 | E34: LCY | F34: 420 | G34: =SUMPRODUCT((Tiers!$A$2:$A$200=A34)*(Tiers!$C$2:$C$200<=F34)*((Tiers!$D$2:$D$200="")+(Tiers!$D$2:$D$200>=F34)>0)*Tiers!$B$2:$B$200) -> 2
A35: A6 | B35: Load and haul off (from stockpile) | C35: 3000 | D35: 9999 | E35: LCY | F35: 700 | G35: =SUMPRODUCT((Tiers!$A$2:$A$200=A35)*(Tiers!$C$2:$C$200<=F35)*((Tiers!$D$2:$D$200="")+(Tiers!$D$2:$D$200>=F35)>0)*Tiers!$B$2:$B$200) -> 4
A36: A6 | B36: Load and haul off (from stockpile) | C36: 10000 | D36: 29999 | E36: LCY | F36: 1120 | G36: =SUMPRODUCT((Tiers!$A$2:$A$200=A36)*(Tiers!$C$2:$C$200<=F36)*((Tiers!$D$2:$D$200="")+(Tiers!$D$2:$D$200>=F36)>0)*Tiers!$B$2:$B$200) -> 6
A37: A6 | B37: Load and haul off (from stockpile) | C37: 30000 | D37: 59999 | E37: LCY | F37: 1680 | G37: =SUMPRODUCT((Tiers!$A$2:$A$200=A37)*(Tiers!$C$2:$C$200<=F37)*((Tiers!$D$2:$D$200="")+(Tiers!$D$2:$D$200>=F37)>0)*Tiers!$B$2:$B$200) -> 8
A38: A6 | B38: Load and haul off (from stockpile) | C38: 60000 | E38: LCY | F38: 2520 | G38: =SUMPRODUCT((Tiers!$A$2:$A$200=A38)*(Tiers!$C$2:$C$200<=F38)*((Tiers!$D$2:$D$200="")+(Tiers!$D$2:$D$200>=F38)>0)*Tiers!$B$2:$B$200) -> 10
A39: A7 | B39: Haul off (loaded by excavator) | C39: 0 | D39: 499 | E39: LCY | F39: 250 | G39: =SUMPRODUCT((Tiers!$A$2:$A$200=A39)*(Tiers!$C$2:$C$200<=F39)*((Tiers!$D$2:$D$200="")+(Tiers!$D$2:$D$200>=F39)>0)*Tiers!$B$2:$B$200) -> 1
A40: A7 | B40: Haul off (loaded by excavator) | C40: 500 | D40: 2999 | E40: LCY | F40: 420 | G40: =SUMPRODUCT((Tiers!$A$2:$A$200=A40)*(Tiers!$C$2:$C$200<=F40)*((Tiers!$D$2:$D$200="")+(Tiers!$D$2:$D$200>=F40)>0)*Tiers!$B$2:$B$200) -> 2
A41: A7 | B41: Haul off (loaded by excavator) | C41: 3000 | D41: 9999 | E41: LCY | F41: 700 | G41: =SUMPRODUCT((Tiers!$A$2:$A$200=A41)*(Tiers!$C$2:$C$200<=F41)*((Tiers!$D$2:$D$200="")+(Tiers!$D$2:$D$200>=F41)>0)*Tiers!$B$2:$B$200) -> 4
A42: A7 | B42: Haul off (loaded by excavator) | C42: 10000 | D42: 29999 | E42: LCY | F42: 1120 | G42: =SUMPRODUCT((Tiers!$A$2:$A$200=A42)*(Tiers!$C$2:$C$200<=F42)*((Tiers!$D$2:$D$200="")+(Tiers!$D$2:$D$200>=F42)>0)*Tiers!$B$2:$B$200) -> 6
A43: A7 | B43: Haul off (loaded by excavator) | C43: 30000 | D43: 59999 | E43: LCY | F43: 1680 | G43: =SUMPRODUCT((Tiers!$A$2:$A$200=A43)*(Tiers!$C$2:$C$200<=F43)*((Tiers!$D$2:$D$200="")+(Tiers!$D$2:$D$200>=F43)>0)*Tiers!$B$2:$B$200) -> 8
A44: A7 | B44: Haul off (loaded by excavator) | C44: 60000 | E44: LCY | F44: 2520 | G44: =SUMPRODUCT((Tiers!$A$2:$A$200=A44)*(Tiers!$C$2:$C$200<=F44)*((Tiers!$D$2:$D$200="")+(Tiers!$D$2:$D$200>=F44)>0)*Tiers!$B$2:$B$200) -> 10
A45: A8 | B45: Haul in (import) | C45: 0 | D45: 499 | E45: LCY | F45: 250 | G45: =SUMPRODUCT((Tiers!$A$2:$A$200=A45)*(Tiers!$C$2:$C$200<=F45)*((Tiers!$D$2:$D$200="")+(Tiers!$D$2:$D$200>=F45)>0)*Tiers!$B$2:$B$200) -> 1
A46: A8 | B46: Haul in (import) | C46: 500 | D46: 2999 | E46: LCY | F46: 420 | G46: =SUMPRODUCT((Tiers!$A$2:$A$200=A46)*(Tiers!$C$2:$C$200<=F46)*((Tiers!$D$2:$D$200="")+(Tiers!$D$2:$D$200>=F46)>0)*Tiers!$B$2:$B$200) -> 2
A47: A8 | B47: Haul in (import) | C47: 3000 | D47: 9999 | E47: LCY | F47: 700 | G47: =SUMPRODUCT((Tiers!$A$2:$A$200=A47)*(Tiers!$C$2:$C$200<=F47)*((Tiers!$D$2:$D$200="")+(Tiers!$D$2:$D$200>=F47)>0)*Tiers!$B$2:$B$200) -> 4
A48: A8 | B48: Haul in (import) | C48: 10000 | D48: 29999 | E48: LCY | F48: 1120 | G48: =SUMPRODUCT((Tiers!$A$2:$A$200=A48)*(Tiers!$C$2:$C$200<=F48)*((Tiers!$D$2:$D$200="")+(Tiers!$D$2:$D$200>=F48)>0)*Tiers!$B$2:$B$200) -> 6
A49: A8 | B49: Haul in (import) | C49: 30000 | D49: 59999 | E49: LCY | F49: 1680 | G49: =SUMPRODUCT((Tiers!$A$2:$A$200=A49)*(Tiers!$C$2:$C$200<=F49)*((Tiers!$D$2:$D$200="")+(Tiers!$D$2:$D$200>=F49)>0)*Tiers!$B$2:$B$200) -> 8
A50: A8 | B50: Haul in (import) | C50: 60000 | E50: LCY | F50: 2520 | G50: =SUMPRODUCT((Tiers!$A$2:$A$200=A50)*(Tiers!$C$2:$C$200<=F50)*((Tiers!$D$2:$D$200="")+(Tiers!$D$2:$D$200>=F50)>0)*Tiers!$B$2:$B$200) -> 10
A51: A9 | B51: Rock excavation (break and load) | C51: 0 | D51: 199 | E51: BCY | F51: 50 | G51: =SUMPRODUCT((Tiers!$A$2:$A$200=A51)*(Tiers!$C$2:$C$200<=F51)*((Tiers!$D$2:$D$200="")+(Tiers!$D$2:$D$200>=F51)>0)*Tiers!$B$2:$B$200) -> 1
A52: A9 | B52: Rock excavation (break and load) | C52: 200 | D52: 999 | E52: BCY | F52: 100 | G52: =SUMPRODUCT((Tiers!$A$2:$A$200=A52)*(Tiers!$C$2:$C$200<=F52)*((Tiers!$D$2:$D$200="")+(Tiers!$D$2:$D$200>=F52)>0)*Tiers!$B$2:$B$200) -> 2
A53: A9 | B53: Rock excavation (break and load) | C53: 1000 | E53: BCY | F53: 200 | G53: =SUMPRODUCT((Tiers!$A$2:$A$200=A53)*(Tiers!$C$2:$C$200<=F53)*((Tiers!$D$2:$D$200="")+(Tiers!$D$2:$D$200>=F53)>0)*Tiers!$B$2:$B$200) -> 3
A54: A10 | B54: Rip rock (dozer) | C54: 0 | E54: BCY | F54: 400 | G54: =SUMPRODUCT((Tiers!$A$2:$A$200=A54)*(Tiers!$C$2:$C$200<=F54)*((Tiers!$D$2:$D$200="")+(Tiers!$D$2:$D$200>=F54)>0)*Tiers!$B$2:$B$200) -> 1
A55: A11 | B55: Fine grade / subgrade prep | C55: 0 | D55: 9999 | E55: SF | F55: 5000 | G55: =SUMPRODUCT((Tiers!$A$2:$A$200=A55)*(Tiers!$C$2:$C$200<=F55)*((Tiers!$D$2:$D$200="")+(Tiers!$D$2:$D$200>=F55)>0)*Tiers!$B$2:$B$200) -> 1
A56: A11 | B56: Fine grade / subgrade prep | C56: 10000 | D56: 49999 | E56: SF | F56: 15000 | G56: =SUMPRODUCT((Tiers!$A$2:$A$200=A56)*(Tiers!$C$2:$C$200<=F56)*((Tiers!$D$2:$D$200="")+(Tiers!$D$2:$D$200>=F56)>0)*Tiers!$B$2:$B$200) -> 2
A57: A11 | B57: Fine grade / subgrade prep | C57: 50000 | D57: 199999 | E57: SF | F57: 30000 | G57: =SUMPRODUCT((Tiers!$A$2:$A$200=A57)*(Tiers!$C$2:$C$200<=F57)*((Tiers!$D$2:$D$200="")+(Tiers!$D$2:$D$200>=F57)>0)*Tiers!$B$2:$B$200) -> 3
A58: A11 | B58: Fine grade / subgrade prep | C58: 200000 | E58: SF | F58: 50000 | G58: =SUMPRODUCT((Tiers!$A$2:$A$200=A58)*(Tiers!$C$2:$C$200<=F58)*((Tiers!$D$2:$D$200="")+(Tiers!$D$2:$D$200>=F58)>0)*Tiers!$B$2:$B$200) -> 4
A59: A12 | B59: Pipe crew, gravity storm/sewer (excavate, lay, backfill) | C59: 0 | D59: 249 | E59: LF | F59: 100 | G59: =SUMPRODUCT((Tiers!$A$2:$A$200=A59)*(Tiers!$C$2:$C$200<=F59)*((Tiers!$D$2:$D$200="")+(Tiers!$D$2:$D$200>=F59)>0)*Tiers!$B$2:$B$200) -> 1
A60: A12 | B60: Pipe crew, gravity storm/sewer (excavate, lay, backfill) | C60: 250 | D60: 999 | E60: LF | F60: 150 | G60: =SUMPRODUCT((Tiers!$A$2:$A$200=A60)*(Tiers!$C$2:$C$200<=F60)*((Tiers!$D$2:$D$200="")+(Tiers!$D$2:$D$200>=F60)>0)*Tiers!$B$2:$B$200) -> 2
A61: A12 | B61: Pipe crew, gravity storm/sewer (excavate, lay, backfill) | C61: 1000 | E61: LF | F61: 250 | G61: =SUMPRODUCT((Tiers!$A$2:$A$200=A61)*(Tiers!$C$2:$C$200<=F61)*((Tiers!$D$2:$D$200="")+(Tiers!$D$2:$D$200>=F61)>0)*Tiers!$B$2:$B$200) -> 3
A62: A13 | B62: Trench box with pipe crew | C62: 0 | D62: 249 | E62: LF | F62: 100 | G62: =SUMPRODUCT((Tiers!$A$2:$A$200=A62)*(Tiers!$C$2:$C$200<=F62)*((Tiers!$D$2:$D$200="")+(Tiers!$D$2:$D$200>=F62)>0)*Tiers!$B$2:$B$200) -> 1
A63: A13 | B63: Trench box with pipe crew | C63: 250 | D63: 999 | E63: LF | F63: 150 | G63: =SUMPRODUCT((Tiers!$A$2:$A$200=A63)*(Tiers!$C$2:$C$200<=F63)*((Tiers!$D$2:$D$200="")+(Tiers!$D$2:$D$200>=F63)>0)*Tiers!$B$2:$B$200) -> 1
A64: A13 | B64: Trench box with pipe crew | C64: 1000 | E64: LF | F64: 250 | G64: =SUMPRODUCT((Tiers!$A$2:$A$200=A64)*(Tiers!$C$2:$C$200<=F64)*((Tiers!$D$2:$D$200="")+(Tiers!$D$2:$D$200>=F64)>0)*Tiers!$B$2:$B$200) -> 2
A66: Tier it lands in = 0 means the default production falls outside every tier: fix before loading.

Sheet Line mapping
A1: Calculate line type (code key) | B1: Unit | C1: Activity | D1: Activity name | E1: Note
A2: cut | B2: BCY | C2: A1 | D2: =IF(C2="none","(not priced automatically)",IFERROR(INDEX(Activities!$B$2:$B$14,MATCH(C2,Activities!$A$2:$A$14,0)),"?")) -> Excavate and load (on-site haul) | E2: Calculate (confirmed overnight)
A3: fill | B3: CCY | C3: A3 | D3: =IF(C3="none","(not priced automatically)",IFERROR(INDEX(Activities!$B$2:$B$14,MATCH(C3,Activities!$A$2:$A$14,0)),"?")) -> Place and compact | E3: Calculate (confirmed)
A4: strip | B4: BCY | C4: A4 | D4: =IF(C4="none","(not priced automatically)",IFERROR(INDEX(Activities!$B$2:$B$14,MATCH(C4,Activities!$A$2:$A$14,0)),"?")) -> Strip topsoil (push to stockpile) | E4: Calculate (confirmed)
A5: strip_haul | B5: LCY | C5: A6 | D5: =IF(C5="none","(not priced automatically)",IFERROR(INDEX(Activities!$B$2:$B$14,MATCH(C5,Activities!$A$2:$A$14,0)),"?")) -> Load and haul off (from stockpile) | E5: Calculate (confirmed)
A6: strip_reuse_topsoil | B6: BCY | C6: A5 | D6: =IF(C6="none","(not priced automatically)",IFERROR(INDEX(Activities!$B$2:$B$14,MATCH(C6,Activities!$A$2:$A$14,0)),"?")) -> Respread topsoil (from stockpile) | E6: Calculate (confirmed; BCY, not LCY)
A7: undercut | B7: BCY | C7: A2 | D7: =IF(C7="none","(not priced automatically)",IFERROR(INDEX(Activities!$B$2:$B$14,MATCH(C7,Activities!$A$2:$A$14,0)),"?")) -> Excavate and load (direct to haul-off trucks) | E7: Calculate (confirmed)
A8: undercut_haul | B8: LCY | C8: A7 | D8: =IF(C8="none","(not priced automatically)",IFERROR(INDEX(Activities!$B$2:$B$14,MATCH(C8,Activities!$A$2:$A$14,0)),"?")) -> Haul off (loaded by excavator) | E8: Calculate (confirmed)
A9: undercut_native | B9: CY | C9: A3 | D9: =IF(C9="none","(not priced automatically)",IFERROR(INDEX(Activities!$B$2:$B$14,MATCH(C9,Activities!$A$2:$A$14,0)),"?")) -> Place and compact | E9: Calculate (confirmed)
A10: undercut_replace | B10: CCY | C10: A3 | D10: =IF(C10="none","(not priced automatically)",IFERROR(INDEX(Activities!$B$2:$B$14,MATCH(C10,Activities!$A$2:$A$14,0)),"?")) -> Place and compact | E10: Calculate (confirmed)
A11: soil_export | B11: LCY | C11: A7 | D11: =IF(C11="none","(not priced automatically)",IFERROR(INDEX(Activities!$B$2:$B$14,MATCH(C11,Activities!$A$2:$A$14,0)),"?")) -> Haul off (loaded by excavator) | E11: Calculate (confirmed)
A12: soil_import | B12: LCY | C12: A8 | D12: =IF(C12="none","(not priced automatically)",IFERROR(INDEX(Activities!$B$2:$B$14,MATCH(C12,Activities!$A$2:$A$14,0)),"?")) -> Haul in (import) | E12: Calculate (confirmed)
A13: spoils_export | B13: LCY | C13: A6 | D13: =IF(C13="none","(not priced automatically)",IFERROR(INDEX(Activities!$B$2:$B$14,MATCH(C13,Activities!$A$2:$A$14,0)),"?")) -> Load and haul off (from stockpile) | E13: Calculate (confirmed)
... A27: geosynthetics | B27: SY | C27: none | D27: =IF(C27="none","(not priced automatically)",IFERROR(INDEX(Activities!$B$2:$B$14,MATCH(C27,Activities!$A$2:$A$14,0)),"?")) -> (not priced automatically) | E27: Material and labour by hand; key name to confirm
A29: Export-heavy site: switch "cut" to A2 so the cut is not paid with on-site trucks and haul-off trucks.

Sheet Tier machines
A1: Activity | B1: Tier | C1: Equip_ID | D1: Size class | E1: Count | F1: Pacing | G1: Capacity group | H1: Optional (catalog gap) | I1: Capacity activity | J1: Catalog production /hr | K1: Unit | L1: Capacity per day (activity unit) | M1: Rent day | N1: Fuel gal/hr med | O1: Mob one way @50 mi
A2: A1 | B2: 1 | C2: EX-CRAWL-17T | D2: =INDEX('Catalog ref'!$C$2:$C$33,MATCH(C2,'Catalog ref'!$A$2:$A$33,0)) -> 16-18 t (~38,000-40,000 lb) | E2: 1 | F2: Y | G2: main | I2: EW-CUTLOAD | J2: =IFERROR(INDEX('Catalog production'!$D$2:$D$15,MATCH(C2&"|"&I2,'Catalog production'!$A$2:$A$15,0))*1,"") -> 153.49783 | K2: =IFERROR(INDEX('Catalog production'!$E$2:$E$15,MATCH(C2&"|"&I2,'Catalog production'!$A$2:$A$15,0))&"","") -> BCY/hr | L2: =IF(N(J2)=0,"",E2*J2*Settings!$B$2*IF(K2="LCY/hr",1/Settings!$B$3,1)) -> 1534.9783 | M2: =INDEX('Catalog ref'!$D$2:$D$33,MATCH(C2,'Catalog ref'!$A$2:$A$33,0)) -> 855 | N2: =INDEX('Catalog ref'!$K$2:$K$33,MATCH(C2,'Catalog ref'!$A$2:$A$33,0)) -> 2.97 | O2: =INDEX('Catalog ref'!$M$2:$M$33,MATCH(C2,'Catalog ref'!$A$2:$A$33,0)) -> 550
A3: A1 | B3: 1 | C3: ADT-25T | D3: =INDEX('Catalog ref'!$C$2:$C$33,MATCH(C3,'Catalog ref'!$A$2:$A$33,0)) -> 26.5 t payload | E3: 1 | M3: =INDEX('Catalog ref'!$D$2:$D$33,MATCH(C3,'Catalog ref'!$A$2:$A$33,0)) -> 1882 | N3: =INDEX('Catalog ref'!$K$2:$K$33,MATCH(C3,'Catalog ref'!$A$2:$A$33,0)) -> 4.56 | O3: =INDEX('Catalog ref'!$M$2:$M$33,MATCH(C3,'Catalog ref'!$A$2:$A$33,0)) -> 1800
A4: A1 | B4: 2 | C4: EX-CRAWL-20T | D4: =INDEX('Catalog ref'!$C$2:$C$33,MATCH(C4,'Catalog ref'!$A$2:$A$33,0)) -> 20-25 t (~48,500-62,800 lb) | E4: 1 | F4: Y | G4: main | I4: EW-CUTLOAD | J4: =IFERROR(INDEX('Catalog production'!$D$2:$D$15,MATCH(C4&"|"&I4,'Catalog production'!$A$2:$A$15,0))*1,"") -> 163.344 | K4: =IFERROR(INDEX('Catalog production'!$E$2:$E$15,MATCH(C4&"|"&I4,'Catalog production'!$A$2:$A$15,0))&"","") -> BCY/hr | L4: =IF(N(J4)=0,"",E4*J4*Settings!$B$2*IF(K4="LCY/hr",1/Settings!$B$3,1)) -> 1633.44 | M4: =INDEX('Catalog ref'!$D$2:$D$33,MATCH(C4,'Catalog ref'!$A$2:$A$33,0)) -> 1040 | N4: =INDEX('Catalog ref'!$K$2:$K$33,MATCH(C4,'Catalog ref'!$A$2:$A$33,0)) -> 2.78 | O4: =INDEX('Catalog ref'!$M$2:$M$33,MATCH(C4,'Catalog ref'!$A$2:$A$33,0)) -> 550
A5: A1 | B5: 2 | C5: ADT-25T | D5: =INDEX('Catalog ref'!$C$2:$C$33,MATCH(C5,'Catalog ref'!$A$2:$A$33,0)) -> 26.5 t payload | E5: 2 | M5: =INDEX('Catalog ref'!$D$2:$D$33,MATCH(C5,'Catalog ref'!$A$2:$A$33,0)) -> 1882 | N5: =INDEX('Catalog ref'!$K$2:$K$33,MATCH(C5,'Catalog ref'!$A$2:$A$33,0)) -> 4.56 | O5: =INDEX('Catalog ref'!$M$2:$M$33,MATCH(C5,'Catalog ref'!$A$2:$A$33,0)) -> 1800
A6: A1 | B6: 3 | C6: EX-CRAWL-20T | D6: =INDEX('Catalog ref'!$C$2:$C$33,MATCH(C6,'Catalog ref'!$A$2:$A$33,0)) -> 20-25 t (~48,500-62,800 lb) | E6: 1 | F6: Y | G6: main | I6: EW-CUTLOAD | J6: =IFERROR(INDEX('Catalog production'!$D$2:$D$15,MATCH(C6&"|"&I6,'Catalog production'!$A$2:$A$15,0))*1,"") -> 163.344 | K6: =IFERROR(INDEX('Catalog production'!$E$2:$E$15,MATCH(C6&"|"&I6,'Catalog production'!$A$2:$A$15,0))&"","") -> BCY/hr | L6: =IF(N(J6)=0,"",E6*J6*Settings!$B$2*IF(K6="LCY/hr",1/Settings!$B$3,1)) -> 1633.44 | M6: =INDEX('Catalog ref'!$D$2:$D$33,MATCH(C6,'Catalog ref'!$A$2:$A$33,0)) -> 1040 | N6: =INDEX('Catalog ref'!$K$2:$K$33,MATCH(C6,'Catalog ref'!$A$2:$A$33,0)) -> 2.78 | O6: =INDEX('Catalog ref'!$M$2:$M$33,MATCH(C6,'Catalog ref'!$A$2:$A$33,0)) -> 550
A7: A1 | B7: 3 | C7: ADT-30T | D7: =INDEX('Catalog ref'!$C$2:$C$33,MATCH(C7,'Catalog ref'!$A$2:$A$33,0)) -> 30 t payload | E7: 2 | M7: =INDEX('Catalog ref'!$D$2:$D$33,MATCH(C7,'Catalog ref'!$A$2:$A$33,0)) -> 2126 | N7: =INDEX('Catalog ref'!$K$2:$K$33,MATCH(C7,'Catalog ref'!$A$2:$A$33,0)) -> 4.38 | O7: =INDEX('Catalog ref'!$M$2:$M$33,MATCH(C7,'Catalog ref'!$A$2:$A$33,0)) -> 1800
A8: A1 | B8: 4 | C8: EX-CRAWL-30T | D8: =INDEX('Catalog ref'!$C$2:$C$33,MATCH(C8,'Catalog ref'!$A$2:$A$33,0)) -> 30-36 t (~68,000-81,000 lb) | E8: 1 | F8: Y | G8: main | I8: EW-CUTLOAD | J8: =IFERROR(INDEX('Catalog production'!$D$2:$D$15,MATCH(C8&"|"&I8,'Catalog production'!$A$2:$A$15,0))*1,"") -> 310.752 | K8: =IFERROR(INDEX('Catalog production'!$E$2:$E$15,MATCH(C8&"|"&I8,'Catalog production'!$A$2:$A$15,0))&"","") -> BCY/hr | L8: =IF(N(J8)=0,"",E8*J8*Settings!$B$2*IF(K8="LCY/hr",1/Settings!$B$3,1)) -> 3107.52 | M8: =INDEX('Catalog ref'!$D$2:$D$33,MATCH(C8,'Catalog ref'!$A$2:$A$33,0)) -> 1424 | N8: =INDEX('Catalog ref'!$K$2:$K$33,MATCH(C8,'Catalog ref'!$A$2:$A$33,0)) -> 4.5 | O8: =INDEX('Catalog ref'!$M$2:$M$33,MATCH(C8,'Catalog ref'!$A$2:$A$33,0)) -> 1800
A9: A1 | B9: 4 | C9: ADT-30T | D9: =INDEX('Catalog ref'!$C$2:$C$33,MATCH(C9,'Catalog ref'!$A$2:$A$33,0)) -> 30 t payload | E9: 2 | M9: =INDEX('Catalog ref'!$D$2:$D$33,MATCH(C9,'Catalog ref'!$A$2:$A$33,0)) -> 2126 | N9: =INDEX('Catalog ref'!$K$2:$K$33,MATCH(C9,'Catalog ref'!$A$2:$A$33,0)) -> 4.38 | O9: =INDEX('Catalog ref'!$M$2:$M$33,MATCH(C9,'Catalog ref'!$A$2:$A$33,0)) -> 1800
A10: A1 | B10: 5 | C10: EX-CRAWL-30T | D10: =INDEX('Catalog ref'!$C$2:$C$33,MATCH(C10,'Catalog ref'!$A$2:$A$33,0)) -> 30-36 t (~68,000-81,000 lb) | E10: 1 | F10: Y | G10: main | I10: EW-CUTLOAD | J10: =IFERROR(INDEX('Catalog production'!$D$2:$D$15,MATCH(C10&"|"&I10,'Catalog production'!$A$2:$A$15,0))*1,"") -> 310.752 | K10: =IFERROR(INDEX('Catalog production'!$E$2:$E$15,MATCH(C10&"|"&I10,'Catalog production'!$A$2:$A$15,0))&"","") -> BCY/hr | L10: =IF(N(J10)=0,"",E10*J10*Settings!$B$2*IF(K10="LCY/hr",1/Settings!$B$3,1)) -> 3107.52 | M10: =INDEX('Catalog ref'!$D$2:$D$33,MATCH(C10,'Catalog ref'!$A$2:$A$33,0)) -> 1424 | N10: =INDEX('Catalog ref'!$K$2:$K$33,MATCH(C10,'Catalog ref'!$A$2:$A$33,0)) -> 4.5 | O10: =INDEX('Catalog ref'!$M$2:$M$33,MATCH(C10,'Catalog ref'!$A$2:$A$33,0)) -> 1800
A11: A1 | B11: 5 | C11: ADT-30T | D11: =INDEX('Catalog ref'!$C$2:$C$33,MATCH(C11,'Catalog ref'!$A$2:$A$33,0)) -> 30 t payload | E11: 3 | M11: =INDEX('Catalog ref'!$D$2:$D$33,MATCH(C11,'Catalog ref'!$A$2:$A$33,0)) -> 2126 | N11: =INDEX('Catalog ref'!$K$2:$K$33,MATCH(C11,'Catalog ref'!$A$2:$A$33,0)) -> 4.38 | O11: =INDEX('Catalog ref'!$M$2:$M$33,MATCH(C11,'Catalog ref'!$A$2:$A$33,0)) -> 1800
A12: A1 | B12: 6 | C12: EX-CRAWL-50T | D12: =INDEX('Catalog ref'!$C$2:$C$33,MATCH(C12,'Catalog ref'!$A$2:$A$33,0)) -> 45-55 t (~105,000-108,000 lb) | E12: 1 | F12: Y | G12: main | I12: EW-CUTLOAD | J12: =IFERROR(INDEX('Catalog production'!$D$2:$D$15,MATCH(C12&"|"&I12,'Catalog production'!$A$2:$A$15,0))*1,"") -> 510.90816 | K12: =IFERROR(INDEX('Catalog production'!$E$2:$E$15,MATCH(C12&"|"&I12,'Catalog production'!$A$2:$A$15,0))&"","") -> BCY/hr | L12: =IF(N(J12)=0,"",E12*J12*Settings!$B$2*IF(K12="LCY/hr",1/Settings!$B$3,1)) -> 5109.0816 | M12: =INDEX('Catalog ref'!$D$2:$D$33,MATCH(C12,'Catalog ref'!$A$2:$A$33,0)) -> 2250 | N12: =INDEX('Catalog ref'!$K$2:$K$33,MATCH(C12,'Catalog ref'!$A$2:$A$33,0)) -> 8.02 | O12: =INDEX('Catalog ref'!$M$2:$M$33,MATCH(C12,'Catalog ref'!$A$2:$A$33,0)) -> 1913
A13: A1 | B13: 6 | C13: ADT-30T | D13: =INDEX('Catalog ref'!$C$2:$C$33,MATCH(C13,'Catalog ref'!$A$2:$A$33,0)) -> 30 t payload | E13: 3 | M13: =INDEX('Catalog ref'!$D$2:$D$33,MATCH(C13,'Catalog ref'!$A$2:$A$33,0)) -> 2126 | N13: =INDEX('Catalog ref'!$K$2:$K$33,MATCH(C13,'Catalog ref'!$A$2:$A$33,0)) -> 4.38 | O13: =INDEX('Catalog ref'!$M$2:$M$33,MATCH(C13,'Catalog ref'!$A$2:$A$33,0)) -> 1800
A14: A1 | B14: 7 | C14: EX-CRAWL-50T | D14: =INDEX('Catalog ref'!$C$2:$C$33,MATCH(C14,'Catalog ref'!$A$2:$A$33,0)) -> 45-55 t (~105,000-108,000 lb) | E14: 1 | F14: Y | G14: main | I14: EW-CUTLOAD | J14: =IFERROR(INDEX('Catalog production'!$D$2:$D$15,MATCH(C14&"|"&I14,'Catalog production'!$A$2:$A$15,0))*1,"") -> 510.90816 | K14: =IFERROR(INDEX('Catalog production'!$E$2:$E$15,MATCH(C14&"|"&I14,'Catalog production'!$A$2:$A$15,0))&"","") -> BCY/hr | L14: =IF(N(J14)=0,"",E14*J14*Settings!$B$2*IF(K14="LCY/hr",1/Settings!$B$3,1)) -> 5109.0816 | M14: =INDEX('Catalog ref'!$D$2:$D$33,MATCH(C14,'Catalog ref'!$A$2:$A$33,0)) -> 2250 | N14: =INDEX('Catalog ref'!$K$2:$K$33,MATCH(C14,'Catalog ref'!$A$2:$A$33,0)) -> 8.02 | O14: =INDEX('Catalog ref'!$M$2:$M$33,MATCH(C14,'Catalog ref'!$A$2:$A$33,0)) -> 1913
A15: A1 | B15: 7 | C15: ADT-30T | D15: =INDEX('Catalog ref'!$C$2:$C$33,MATCH(C15,'Catalog ref'!$A$2:$A$33,0)) -> 30 t payload | E15: 4 | M15: =INDEX('Catalog ref'!$D$2:$D$33,MATCH(C15,'Catalog ref'!$A$2:$A$33,0)) -> 2126 | N15: =INDEX('Catalog ref'!$K$2:$K$33,MATCH(C15,'Catalog ref'!$A$2:$A$33,0)) -> 4.38 | O15: =INDEX('Catalog ref'!$M$2:$M$33,MATCH(C15,'Catalog ref'!$A$2:$A$33,0)) -> 1800
A16: A1 | B16: 8 | C16: EX-CRAWL-50T | D16: =INDEX('Catalog ref'!$C$2:$C$33,MATCH(C16,'Catalog ref'!$A$2:$A$33,0)) -> 45-55 t (~105,000-108,000 lb) | E16: 2 | F16: Y | G16: main | I16: EW-CUTLOAD | J16: =IFERROR(INDEX('Catalog production'!$D$2:$D$15,MATCH(C16&"|"&I16,'Catalog production'!$A$2:$A$15,0))*1,"") -> 510.90816 | K16: =IFERROR(INDEX('Catalog production'!$E$2:$E$15,MATCH(C16&"|"&I16,'Catalog production'!$A$2:$A$15,0))&"","") -> BCY/hr | L16: =IF(N(J16)=0,"",E16*J16*Settings!$B$2*IF(K16="LCY/hr",1/Settings!$B$3,1)) -> 10218.163 | M16: =INDEX('Catalog ref'!$D$2:$D$33,MATCH(C16,'Catalog ref'!$A$2:$A$33,0)) -> 2250 | N16: =INDEX('Catalog ref'!$K$2:$K$33,MATCH(C16,'Catalog ref'!$A$2:$A$33,0)) -> 8.02 | O16: =INDEX('Catalog ref'!$M$2:$M$33,MATCH(C16,'Catalog ref'!$A$2:$A$33,0)) -> 1913
A17: A1 | B17: 8 | C17: ADT-30T | D17: =INDEX('Catalog ref'!$C$2:$C$33,MATCH(C17,'Catalog ref'!$A$2:$A$33,0)) -> 30 t payload | E17: 6 | M17: =INDEX('Catalog ref'!$D$2:$D$33,MATCH(C17,'Catalog ref'!$A$2:$A$33,0)) -> 2126 | N17: =INDEX('Catalog ref'!$K$2:$K$33,MATCH(C17,'Catalog ref'!$A$2:$A$33,0)) -> 4.38 | O17: =INDEX('Catalog ref'!$M$2:$M$33,MATCH(C17,'Catalog ref'!$A$2:$A$33,0)) -> 1800
A18: A1 | B18: 9 | C18: EX-CRAWL-70T | D18: =INDEX('Catalog ref'!$C$2:$C$33,MATCH(C18,'Catalog ref'!$A$2:$A$33,0)) -> 65-75 t (~145,000-163,000 lb) | E18: 2 | F18: Y | G18: main | I18: EW-CUTLOAD | J18: =IFERROR(INDEX('Catalog production'!$D$2:$D$15,MATCH(C18&"|"&I18,'Catalog production'!$A$2:$A$15,0))*1,"") -> 796.8 | K18: =IFERROR(INDEX('Catalog production'!$E$2:$E$15,MATCH(C18&"|"&I18,'Catalog production'!$A$2:$A$15,0))&"","") -> BCY/hr | L18: =IF(N(J18)=0,"",E18*J18*Settings!$B$2*IF(K18="LCY/hr",1/Settings!$B$3,1)) -> 15936 | M18: =INDEX('Catalog ref'!$D$2:$D$33,MATCH(C18,'Catalog ref'!$A$2:$A$33,0)) -> 3950 | N18: =INDEX('Catalog ref'!$K$2:$K$33,MATCH(C18,'Catalog ref'!$A$2:$A$33,0)) -> 9.95 | O18: =INDEX('Catalog ref'!$M$2:$M$33,MATCH(C18,'Catalog ref'!$A$2:$A$33,0)) -> 1913
A19: A1 | B19: 9 | C19: ADT-30T | D19: =INDEX('Catalog ref'!$C$2:$C$33,MATCH(C19,'Catalog ref'!$A$2:$A$33,0)) -> 30 t payload | E19: 9 | M19: =INDEX('Catalog ref'!$D$2:$D$33,MATCH(C19,'Catalog ref'!$A$2:$A$33,0)) -> 2126 | N19: =INDEX('Catalog ref'!$K$2:$K$33,MATCH(C19,'Catalog ref'!$A$2:$A$33,0)) -> 4.38 | O19: =INDEX('Catalog ref'!$M$2:$M$33,MATCH(C19,'Catalog ref'!$A$2:$A$33,0)) -> 1800
A20: A2 | B20: 1 | C20: EX-CRAWL-20T | D20: =INDEX('Catalog ref'!$C$2:$C$33,MATCH(C20,'Catalog ref'!$A$2:$A$33,0)) -> 20-25 t (~48,500-62,800 lb) | E20: 1 | F20: Y | G20: main | I20: EW-CUTLOAD | J20: =IFERROR(INDEX('Catalog production'!$D$2:$D$15,MATCH(C20&"|"&I20,'Catalog production'!$A$2:$A$15,0))*1,"") -> 163.344 | K20: =IFERROR(INDEX('Catalog production'!$E$2:$E$15,MATCH(C20&"|"&I20,'Catalog production'!$A$2:$A$15,0))&"","") -> BCY/hr | L20: =IF(N(J20)=0,"",E20*J20*Settings!$B$2*IF(K20="LCY/hr",1/Settings!$B$3,1)) -> 1633.44 | M20: =INDEX('Catalog ref'!$D$2:$D$33,MATCH(C20,'Catalog ref'!$A$2:$A$33,0)) -> 1040 | N20: =INDEX('Catalog ref'!$K$2:$K$33,MATCH(C20,'Catalog ref'!$A$2:$A$33,0)) -> 2.78 | O20: =INDEX('Catalog ref'!$M$2:$M$33,MATCH(C20,'Catalog ref'!$A$2:$A$33,0)) -> 550
A21: A2 | B21: 2 | C21: EX-CRAWL-30T | D21: =INDEX('Catalog ref'!$C$2:$C$33,MATCH(C21,'Catalog ref'!$A$2:$A$33,0)) -> 30-36 t (~68,000-81,000 lb) | E21: 1 | F21: Y | G21: main | I21: EW-CUTLOAD | J21: =IFERROR(INDEX('Catalog production'!$D$2:$D$15,MATCH(C21&"|"&I21,'Catalog production'!$A$2:$A$15,0))*1,"") -> 310.752 | K21: =IFERROR(INDEX('Catalog production'!$E$2:$E$15,MATCH(C21&"|"&I21,'Catalog production'!$A$2:$A$15,0))&"","") -> BCY/hr | L21: =IF(N(J21)=0,"",E21*J21*Settings!$B$2*IF(K21="LCY/hr",1/Settings!$B$3,1)) -> 3107.52 | M21: =INDEX('Catalog ref'!$D$2:$D$33,MATCH(C21,'Catalog ref'!$A$2:$A$33,0)) -> 1424 | N21: =INDEX('Catalog ref'!$K$2:$K$33,MATCH(C21,'Catalog ref'!$A$2:$A$33,0)) -> 4.5 | O21: =INDEX('Catalog ref'!$M$2:$M$33,MATCH(C21,'Catalog ref'!$A$2:$A$33,0)) -> 1800
A22: A2 | B22: 3 | C22: EX-CRAWL-50T | D22: =INDEX('Catalog ref'!$C$2:$C$33,MATCH(C22,'Catalog ref'!$A$2:$A$33,0)) -> 45-55 t (~105,000-108,000 lb) | E22: 1 | F22: Y | G22: main | I22: EW-CUTLOAD | J22: =IFERROR(INDEX('Catalog production'!$D$2:$D$15,MATCH(C22&"|"&I22,'Catalog production'!$A$2:$A$15,0))*1,"") -> 510.90816 | K22: =IFERROR(INDEX('Catalog production'!$E$2:$E$15,MATCH(C22&"|"&I22,'Catalog production'!$A$2:$A$15,0))&"","") -> BCY/hr | L22: =IF(N(J22)=0,"",E22*J22*Settings!$B$2*IF(K22="LCY/hr",1/Settings!$B$3,1)) -> 5109.0816 | M22: =INDEX('Catalog ref'!$D$2:$D$33,MATCH(C22,'Catalog ref'!$A$2:$A$33,0)) -> 2250 | N22: =INDEX('Catalog ref'!$K$2:$K$33,MATCH(C22,'Catalog ref'!$A$2:$A$33,0)) -> 8.02 | O22: =INDEX('Catalog ref'!$M$2:$M$33,MATCH(C22,'Catalog ref'!$A$2:$A$33,0)) -> 1913
A23: A2 | B23: 4 | C23: EX-CRAWL-50T | D23: =INDEX('Catalog ref'!$C$2:$C$33,MATCH(C23,'Catalog ref'!$A$2:$A$33,0)) -> 45-55 t (~105,000-108,000 lb) | E23: 2 | F23: Y | G23: main | I23: EW-CUTLOAD | J23: =IFERROR(INDEX('Catalog production'!$D$2:$D$15,MATCH(C23&"|"&I23,'Catalog production'!$A$2:$A$15,0))*1,"") -> 510.90816 | K23: =IFERROR(INDEX('Catalog production'!$E$2:$E$15,MATCH(C23&"|"&I23,'Catalog production'!$A$2:$A$15,0))&"","") -> BCY/hr | L23: =IF(N(J23)=0,"",E23*J23*Settings!$B$2*IF(K23="LCY/hr",1/Settings!$B$3,1)) -> 10218.163 | M23: =INDEX('Catalog ref'!$D$2:$D$33,MATCH(C23,'Catalog ref'!$A$2:$A$33,0)) -> 2250 | N23: =INDEX('Catalog ref'!$K$2:$K$33,MATCH(C23,'Catalog ref'!$A$2:$A$33,0)) -> 8.02 | O23: =INDEX('Catalog ref'!$M$2:$M$33,MATCH(C23,'Catalog ref'!$A$2:$A$33,0)) -> 1913
A24: A3 | B24: 1 | C24: DZ-CRAWL-D3 | D24: =INDEX('Catalog ref'!$C$2:$C$33,MATCH(C24,'Catalog ref'!$A$2:$A$33,0)) -> D3 class (~100-104 hp, 20-24k lb) | E24: 1 | F24: Y | M24: =INDEX('Catalog ref'!$D$2:$D$33,MATCH(C24,'Catalog ref'!$A$2:$A$33,0)) -> 875 | N24: =INDEX('Catalog ref'!$K$2:$K$33,MATCH(C24,'Catalog ref'!$A$2:$A$33,0)) -> 1.93 | O24: =INDEX('Catalog ref'!$M$2:$M$33,MATCH(C24,'Catalog ref'!$A$2:$A$33,0)) -> 550
A25: A3 | B25: 1 | C25: CP-SD-84-SM | D25: =INDEX('Catalog ref'!$C$2:$C$33,MATCH(C25,'Catalog ref'!$A$2:$A$33,0)) -> 84 in smooth | E25: 1 | G25: main | I25: EW-COMP-SOIL-8 | J25: =IFERROR(INDEX('Catalog production'!$D$2:$D$15,MATCH(C25&"|"&I25,'Catalog production'!$A$2:$A$15,0))*1,"") -> 265.1684 | K25: =IFERROR(INDEX('Catalog production'!$E$2:$E$15,MATCH(C25&"|"&I25,'Catalog production'!$A$2:$A$15,0))&"","") -> CCY/hr | L25: =IF(N(J25)=0,"",E25*J25*Settings!$B$2*1) -> 2651.684 | M25: =INDEX('Catalog ref'!$D$2:$D$33,MATCH(C25,'Catalog ref'!$A$2:$A$33,0)) -> 700 | N25: =INDEX('Catalog ref'!$K$2:$K$33,MATCH(C25,'Catalog ref'!$A$2:$A$33,0)) -> 2.91 | O25: =INDEX('Catalog ref'!$M$2:$M$33,MATCH(C25,'Catalog ref'!$A$2:$A$33,0)) -> 550
A26: A3 | B26: 1 | C26: WT-4000 | D26: =INDEX('Catalog ref'!$C$2:$C$33,MATCH(C26,'Catalog ref'!$A$2:$A$33,0)) -> 4,000 gal (6x4) | E26: 0.25 | H26: Y | M26: =INDEX('Catalog ref'!$D$2:$D$33,MATCH(C26,'Catalog ref'!$A$2:$A$33,0)) -> 1057 | N26: =INDEX('Catalog ref'!$K$2:$K$33,MATCH(C26,'Catalog ref'!$A$2:$A$33,0)) -> 0 | O26: =INDEX('Catalog ref'!$M$2:$M$33,MATCH(C26,'Catalog ref'!$A$2:$A$33,0)) -> 0
A27: A3 | B27: 2 | C27: DZ-CRAWL-D5 | D27: =INDEX('Catalog ref'!$C$2:$C$33,MATCH(C27,'Catalog ref'!$A$2:$A$33,0)) -> D5 class (~170 hp, ~40k lb) | E27: 1 | F27: Y | M27: =INDEX('Catalog ref'!$D$2:$D$33,MATCH(C27,'Catalog ref'!$A$2:$A$33,0)) -> 1554 | N27: =INDEX('Catalog ref'!$K$2:$K$33,MATCH(C27,'Catalog ref'!$A$2:$A$33,0)) -> 4.12 | O27: =INDEX('Catalog ref'!$M$2:$M$33,MATCH(C27,'Catalog ref'!$A$2:$A$33,0)) -> 550
A28: A3 | B28: 2 | C28: CP-SD-84-SM | D28: =INDEX('Catalog ref'!$C$2:$C$33,MATCH(C28,'Catalog ref'!$A$2:$A$33,0)) -> 84 in smooth | E28: 1 | G28: main | I28: EW-COMP-SOIL-8 | J28: =IFERROR(INDEX('Catalog production'!$D$2:$D$15,MATCH(C28&"|"&I28,'Catalog production'!$A$2:$A$15,0))*1,"") -> 265.1684 | K28: =IFERROR(INDEX('Catalog production'!$E$2:$E$15,MATCH(C28&"|"&I28,'Catalog production'!$A$2:$A$15,0))&"","") -> CCY/hr | L28: =IF(N(J28)=0,"",E28*J28*Settings!$B$2*1) -> 2651.684 | M28: =INDEX('Catalog ref'!$D$2:$D$33,MATCH(C28,'Catalog ref'!$A$2:$A$33,0)) -> 700 | N28: =INDEX('Catalog ref'!$K$2:$K$33,MATCH(C28,'Catalog ref'!$A$2:$A$33,0)) -> 2.91 | O28: =INDEX('Catalog ref'!$M$2:$M$33,MATCH(C28,'Catalog ref'!$A$2:$A$33,0)) -> 550
A29: A3 | B29: 2 | C29: WT-4000 | D29: =INDEX('Catalog ref'!$C$2:$C$33,MATCH(C29,'Catalog ref'!$A$2:$A$33,0)) -> 4,000 gal (6x4) | E29: 0.5 | H29: Y | M29: =INDEX('Catalog ref'!$D$2:$D$33,MATCH(C29,'Catalog ref'!$A$2:$A$33,0)) -> 1057 | N29: =INDEX('Catalog ref'!$K$2:$K$33,MATCH(C29,'Catalog ref'!$A$2:$A$33,0)) -> 0 | O29: =INDEX('Catalog ref'!$M$2:$M$33,MATCH(C29,'Catalog ref'!$A$2:$A$33,0)) -> 0
A30: A3 | B30: 3 | C30: DZ-CRAWL-D6 | D30: =INDEX('Catalog ref'!$C$2:$C$33,MATCH(C30,'Catalog ref'!$A$2:$A$33,0)) -> D6 class (~215-240 hp, ~50k lb) | E30: 1 | F30: Y | M30: =INDEX('Catalog ref'!$D$2:$D$33,MATCH(C30,'Catalog ref'!$A$2:$A$33,0)) -> 2111 | N30: =INDEX('Catalog ref'!$K$2:$K$33,MATCH(C30,'Catalog ref'!$A$2:$A$33,0)) -> 4.82 | O30: =INDEX('Catalog ref'!$M$2:$M$33,MATCH(C30,'Catalog ref'!$A$2:$A$33,0)) -> 550
A31: A3 | B31: 3 | C31: CP-SD-84-SM | D31: =INDEX('Catalog ref'!$C$2:$C$33,MATCH(C31,'Catalog ref'!$A$2:$A$33,0)) -> 84 in smooth | E31: 1 | G31: main | I31: EW-COMP-SOIL-8 | J31: =IFERROR(INDEX('Catalog production'!$D$2:$D$15,MATCH(C31&"|"&I31,'Catalog production'!$A$2:$A$15,0))*1,"") -> 265.1684 | K31: =IFERROR(INDEX('Catalog production'!$E$2:$E$15,MATCH(C31&"|"&I31,'Catalog production'!$A$2:$A$15,0))&"","") -> CCY/hr | L31: =IF(N(J31)=0,"",E31*J31*Settings!$B$2*1) -> 2651.684 | M31: =INDEX('Catalog ref'!$D$2:$D$33,MATCH(C31,'Catalog ref'!$A$2:$A$33,0)) -> 700 | N31: =INDEX('Catalog ref'!$K$2:$K$33,MATCH(C31,'Catalog ref'!$A$2:$A$33,0)) -> 2.91 | O31: =INDEX('Catalog ref'!$M$2:$M$33,MATCH(C31,'Catalog ref'!$A$2:$A$33,0)) -> 550
A32: A3 | B32: 3 | C32: WT-4000 | D32: =INDEX('Catalog ref'!$C$2:$C$33,MATCH(C32,'Catalog ref'!$A$2:$A$33,0)) -> 4,000 gal (6x4) | E32: 0.5 | H32: Y | M32: =INDEX('Catalog ref'!$D$2:$D$33,MATCH(C32,'Catalog ref'!$A$2:$A$33,0)) -> 1057 | N32: =INDEX('Catalog ref'!$K$2:$K$33,MATCH(C32,'Catalog ref'!$A$2:$A$33,0)) -> 0 | O32: =INDEX('Catalog ref'!$M$2:$M$33,MATCH(C32,'Catalog ref'!$A$2:$A$33,0)) -> 0
A33: A3 | B33: 4 | C33: DZ-CRAWL-D6 | D33: =INDEX('Catalog ref'!$C$2:$C$33,MATCH(C33,'Catalog ref'!$A$2:$A$33,0)) -> D6 class (~215-240 hp, ~50k lb) | E33: 1 | F33: Y | M33: =INDEX('Catalog ref'!$D$2:$D$33,MATCH(C33,'Catalog ref'!$A$2:$A$33,0)) -> 2111 | N33: =INDEX('Catalog ref'!$K$2:$K$33,MATCH(C33,'Catalog ref'!$A$2:$A$33,0)) -> 4.82 | O33: =INDEX('Catalog ref'!$M$2:$M$33,MATCH(C33,'Catalog ref'!$A$2:$A$33,0)) -> 550
A34: A3 | B34: 4 | C34: AT-GPS-DOZER | D34: =INDEX('Catalog ref'!$C$2:$C$33,MATCH(C34,'Catalog ref'!$A$2:$A$33,0)) -> GPS/machine-control kit for dozer | E34: 1 | M34: =INDEX('Catalog ref'!$D$2:$D$33,MATCH(C34,'Catalog ref'!$A$2:$A$33,0)) -> 560 | N34: =INDEX('Catalog ref'!$K$2:$K$33,MATCH(C34,'Catalog ref'!$A$2:$A$33,0)) -> 0 | O34: =INDEX('Catalog ref'!$M$2:$M$33,MATCH(C34,'Catalog ref'!$A$2:$A$33,0)) -> 400
A35: A3 | B35: 4 | C35: DZ-CRAWL-D5 | D35: =INDEX('Catalog ref'!$C$2:$C$33,MATCH(C35,'Catalog ref'!$A$2:$A$33,0)) -> D5 class (~170 hp, ~40k lb) | E35: 1 | M35: =INDEX('Catalog ref'!$D$2:$D$33,MATCH(C35,'Catalog ref'!$A$2:$A$33,0)) -> 1554 | N35: =INDEX('Catalog ref'!$K$2:$K$33,MATCH(C35,'Catalog ref'!$A$2:$A$33,0)) -> 4.12 | O35: =INDEX('Catalog ref'!$M$2:$M$33,MATCH(C35,'Catalog ref'!$A$2:$A$33,0)) -> 550
A36: A3 | B36: 4 | C36: CP-SD-84-SM | D36: =INDEX('Catalog ref'!$C$2:$C$33,MATCH(C36,'Catalog ref'!$A$2:$A$33,0)) -> 84 in smooth | E36: 1 | G36: main | I36: EW-COMP-SOIL-8 | J36: =IFERROR(INDEX('Catalog production'!$D$2:$D$15,MATCH(C36&"|"&I36,'Catalog production'!$A$2:$A$15,0))*1,"") -> 265.1684 | K36: =IFERROR(INDEX('Catalog production'!$E$2:$E$15,MATCH(C36&"|"&I36,'Catalog production'!$A$2:$A$15,0))&"","") -> CCY/hr | L36: =IF(N(J36)=0,"",E36*J36*Settings!$B$2*1) -> 2651.684 | M36: =INDEX('Catalog ref'!$D$2:$D$33,MATCH(C36,'Catalog ref'!$A$2:$A$33,0)) -> 700 | N36: =INDEX('Catalog ref'!$K$2:$K$33,MATCH(C36,'Catalog ref'!$A$2:$A$33,0)) -> 2.91 | O36: =INDEX('Catalog ref'!$M$2:$M$33,MATCH(C36,'Catalog ref'!$A$2:$A$33,0)) -> 550
A37: A3 | B37: 4 | C37: WT-4000 | D37: =INDEX('Catalog ref'!$C$2:$C$33,MATCH(C37,'Catalog ref'!$A$2:$A$33,0)) -> 4,000 gal (6x4) | E37: 0.5 | H37: Y | M37: =INDEX('Catalog ref'!$D$2:$D$33,MATCH(C37,'Catalog ref'!$A$2:$A$33,0)) -> 1057 | N37: =INDEX('Catalog ref'!$K$2:$K$33,MATCH(C37,'Catalog ref'!$A$2:$A$33,0)) -> 0 | O37: =INDEX('Catalog ref'!$M$2:$M$33,MATCH(C37,'Catalog ref'!$A$2:$A$33,0)) -> 0
A38: A3 | B38: 5 | C38: DZ-CRAWL-D6 | D38: =INDEX('Catalog ref'!$C$2:$C$33,MATCH(C38,'Catalog ref'!$A$2:$A$33,0)) -> D6 class (~215-240 hp, ~50k lb) | E38: 1 | F38: Y | M38: =INDEX('Catalog ref'!$D$2:$D$33,MATCH(C38,'Catalog ref'!$A$2:$A$33,0)) -> 2111 | N38: =INDEX('Catalog ref'!$K$2:$K$33,MATCH(C38,'Catalog ref'!$A$2:$A$33,0)) -> 4.82 | O38: =INDEX('Catalog ref'!$M$2:$M$33,MATCH(C38,'Catalog ref'!$A$2:$A$33,0)) -> 550
A39: A3 | B39: 5 | C39: AT-GPS-DOZER | D39: =INDEX('Catalog ref'!$C$2:$C$33,MATCH(C39,'Catalog ref'!$A$2:$A$33,0)) -> GPS/machine-control kit for dozer | E39: 1 | M39: =INDEX('Catalog ref'!$D$2:$D$33,MATCH(C39,'Catalog ref'!$A$2:$A$33,0)) -> 560 | N39: =INDEX('Catalog ref'!$K$2:$K$33,MATCH(C39,'Catalog ref'!$A$2:$A$33,0)) -> 0 | O39: =INDEX('Catalog ref'!$M$2:$M$33,MATCH(C39,'Catalog ref'!$A$2:$A$33,0)) -> 400
A40: A3 | B40: 5 | C40: CP-TAMP-815 | D40: =INDEX('Catalog ref'!$C$2:$C$33,MATCH(C40,'Catalog ref'!$A$2:$A$33,0)) -> Cat 815 (~249 hp) | E40: 1 | M40: =INDEX('Catalog ref'!$D$2:$D$33,MATCH(C40,'Catalog ref'!$A$2:$A$33,0)) -> 2629 | N40: =INDEX('Catalog ref'!$K$2:$K$33,MATCH(C40,'Catalog ref'!$A$2:$A$33,0)) -> 6.84 | O40: =INDEX('Catalog ref'!$M$2:$M$33,MATCH(C40,'Catalog ref'!$A$2:$A$33,0)) -> 1800
A41: A3 | B41: 5 | C41: WT-4000 | D41: =INDEX('Catalog ref'!$C$2:$C$33,MATCH(C41,'Catalog ref'!$A$2:$A$33,0)) -> 4,000 gal (6x4) | E41: 0.5 | H41: Y | M41: =INDEX('Catalog ref'!$D$2:$D$33,MATCH(C41,'Catalog ref'!$A$2:$A$33,0)) -> 1057 | N41: =INDEX('Catalog ref'!$K$2:$K$33,MATCH(C41,'Catalog ref'!$A$2:$A$33,0)) -> 0 | O41: =INDEX('Catalog ref'!$M$2:$M$33,MATCH(C41,'Catalog ref'!$A$2:$A$33,0)) -> 0
A42: A3 | B42: 6 | C42: DZ-CRAWL-D6 | D42: =INDEX('Catalog ref'!$C$2:$C$33,MATCH(C42,'Catalog ref'!$A$2:$A$33,0)) -> D6 class (~215-240 hp, ~50k lb) | E42: 1 | F42: Y | M42: =INDEX('Catalog ref'!$D$2:$D$33,MATCH(C42,'Catalog ref'!$A$2:$A$33,0)) -> 2111 | N42: =INDEX('Catalog ref'!$K$2:$K$33,MATCH(C42,'Catalog ref'!$A$2:$A$33,0)) -> 4.82 | O42: =INDEX('Catalog ref'!$M$2:$M$33,MATCH(C42,'Catalog ref'!$A$2:$A$33,0)) -> 550
A43: A3 | B43: 6 | C43: AT-GPS-DOZER | D43: =INDEX('Catalog ref'!$C$2:$C$33,MATCH(C43,'Catalog ref'!$A$2:$A$33,0)) -> GPS/machine-control kit for dozer | E43: 1 | M43: =INDEX('Catalog ref'!$D$2:$D$33,MATCH(C43,'Catalog ref'!$A$2:$A$33,0)) -> 560 | N43: =INDEX('Catalog ref'!$K$2:$K$33,MATCH(C43,'Catalog ref'!$A$2:$A$33,0)) -> 0 | O43: =INDEX('Catalog ref'!$M$2:$M$33,MATCH(C43,'Catalog ref'!$A$2:$A$33,0)) -> 400
A44: A3 | B44: 6 | C44: DZ-CRAWL-D5 | D44: =INDEX('Catalog ref'!$C$2:$C$33,MATCH(C44,'Catalog ref'!$A$2:$A$33,0)) -> D5 class (~170 hp, ~40k lb) | E44: 2 | M44: =INDEX('Catalog ref'!$D$2:$D$33,MATCH(C44,'Catalog ref'!$A$2:$A$33,0)) -> 1554 | N44: =INDEX('Catalog ref'!$K$2:$K$33,MATCH(C44,'Catalog ref'!$A$2:$A$33,0)) -> 4.12 | O44: =INDEX('Catalog ref'!$M$2:$M$33,MATCH(C44,'Catalog ref'!$A$2:$A$33,0)) -> 550
A45: A3 | B45: 6 | C45: CP-TAMP-815 | D45: =INDEX('Catalog ref'!$C$2:$C$33,MATCH(C45,'Catalog ref'!$A$2:$A$33,0)) -> Cat 815 (~249 hp) | E45: 1 | M45: =INDEX('Catalog ref'!$D$2:$D$33,MATCH(C45,'Catalog ref'!$A$2:$A$33,0)) -> 2629 | N45: =INDEX('Catalog ref'!$K$2:$K$33,MATCH(C45,'Catalog ref'!$A$2:$A$33,0)) -> 6.84 | O45: =INDEX('Catalog ref'!$M$2:$M$33,MATCH(C45,'Catalog ref'!$A$2:$A$33,0)) -> 1800
A46: A3 | B46: 6 | C46: WT-4000 | D46: =INDEX('Catalog ref'!$C$2:$C$33,MATCH(C46,'Catalog ref'!$A$2:$A$33,0)) -> 4,000 gal (6x4) | E46: 1 | H46: Y | M46: =INDEX('Catalog ref'!$D$2:$D$33,MATCH(C46,'Catalog ref'!$A$2:$A$33,0)) -> 1057 | N46: =INDEX('Catalog ref'!$K$2:$K$33,MATCH(C46,'Catalog ref'!$A$2:$A$33,0)) -> 0 | O46: =INDEX('Catalog ref'!$M$2:$M$33,MATCH(C46,'Catalog ref'!$A$2:$A$33,0)) -> 0
A47: A3 | B47: 7 | C47: DZ-CRAWL-D6 | D47: =INDEX('Catalog ref'!$C$2:$C$33,MATCH(C47,'Catalog ref'!$A$2:$A$33,0)) -> D6 class (~215-240 hp, ~50k lb) | E47: 2 | F47: Y | M47: =INDEX('Catalog ref'!$D$2:$D$33,MATCH(C47,'Catalog ref'!$A$2:$A$33,0)) -> 2111 | N47: =INDEX('Catalog ref'!$K$2:$K$33,MATCH(C47,'Catalog ref'!$A$2:$A$33,0)) -> 4.82 | O47: =INDEX('Catalog ref'!$M$2:$M$33,MATCH(C47,'Catalog ref'!$A$2:$A$33,0)) -> 550
A48: A3 | B48: 7 | C48: AT-GPS-DOZER | D48: =INDEX('Catalog ref'!$C$2:$C$33,MATCH(C48,'Catalog ref'!$A$2:$A$33,0)) -> GPS/machine-control kit for dozer | E48: 2 | M48: =INDEX('Catalog ref'!$D$2:$D$33,MATCH(C48,'Catalog ref'!$A$2:$A$33,0)) -> 560 | N48: =INDEX('Catalog ref'!$K$2:$K$33,MATCH(C48,'Catalog ref'!$A$2:$A$33,0)) -> 0 | O48: =INDEX('Catalog ref'!$M$2:$M$33,MATCH(C48,'Catalog ref'!$A$2:$A$33,0)) -> 400
A49: A3 | B49: 7 | C49: DZ-CRAWL-D8 | D49: =INDEX('Catalog ref'!$C$2:$C$33,MATCH(C49,'Catalog ref'!$A$2:$A$33,0)) -> D8 class (~363 hp) | E49: 0.5 | M49: =INDEX('Catalog ref'!$D$2:$D$33,MATCH(C49,'Catalog ref'!$A$2:$A$33,0)) -> 4170 | N49: =INDEX('Catalog ref'!$K$2:$K$33,MATCH(C49,'Catalog ref'!$A$2:$A$33,0)) -> 8.59 | O49: =INDEX('Catalog ref'!$M$2:$M$33,MATCH(C49,'Catalog ref'!$A$2:$A$33,0)) -> 1800
A50: A3 | B50: 7 | C50: DZ-CRAWL-D5 | D50: =INDEX('Catalog ref'!$C$2:$C$33,MATCH(C50,'Catalog ref'!$A$2:$A$33,0)) -> D5 class (~170 hp, ~40k lb) | E50: 0.5 | M50: =INDEX('Catalog ref'!$D$2:$D$33,MATCH(C50,'Catalog ref'!$A$2:$A$33,0)) -> 1554 | N50: =INDEX('Catalog ref'!$K$2:$K$33,MATCH(C50,'Catalog ref'!$A$2:$A$33,0)) -> 4.12 | O50: =INDEX('Catalog ref'!$M$2:$M$33,MATCH(C50,'Catalog ref'!$A$2:$A$33,0)) -> 550
A51: A3 | B51: 7 | C51: CP-TAMP-815 | D51: =INDEX('Catalog ref'!$C$2:$C$33,MATCH(C51,'Catalog ref'!$A$2:$A$33,0)) -> Cat 815 (~249 hp) | E51: 2 | M51: =INDEX('Catalog ref'!$D$2:$D$33,MATCH(C51,'Catalog ref'!$A$2:$A$33,0)) -> 2629 | N51: =INDEX('Catalog ref'!$K$2:$K$33,MATCH(C51,'Catalog ref'!$A$2:$A$33,0)) -> 6.84 | O51: =INDEX('Catalog ref'!$M$2:$M$33,MATCH(C51,'Catalog ref'!$A$2:$A$33,0)) -> 1800
A52: A3 | B52: 7 | C52: WT-8000-ADT | D52: =INDEX('Catalog ref'!$C$2:$C$33,MATCH(C52,'Catalog ref'!$A$2:$A$33,0)) -> 8,000 gal ADT-based | E52: 1 | H52: Y | M52: =INDEX('Catalog ref'!$D$2:$D$33,MATCH(C52,'Catalog ref'!$A$2:$A$33,0)) -> 2810 | N52: =INDEX('Catalog ref'!$K$2:$K$33,MATCH(C52,'Catalog ref'!$A$2:$A$33,0)) -> 0 | O52: =INDEX('Catalog ref'!$M$2:$M$33,MATCH(C52,'Catalog ref'!$A$2:$A$33,0)) -> 1800
A53: A3 | B53: 8 | C53: DZ-CRAWL-D8 | D53: =INDEX('Catalog ref'!$C$2:$C$33,MATCH(C53,'Catalog ref'!$A$2:$A$33,0)) -> D8 class (~363 hp) | E53: 2 | F53: Y | M53: =INDEX('Catalog ref'!$D$2:$D$33,MATCH(C53,'Catalog ref'!$A$2:$A$33,0)) -> 4170 | N53: =INDEX('Catalog ref'!$K$2:$K$33,MATCH(C53,'Catalog ref'!$A$2:$A$33,0)) -> 8.59 | O53: =INDEX('Catalog ref'!$M$2:$M$33,MATCH(C53,'Catalog ref'!$A$2:$A$33,0)) -> 1800
A54: A3 | B54: 8 | C54: DZ-CRAWL-D6 | D54: =INDEX('Catalog ref'!$C$2:$C$33,MATCH(C54,'Catalog ref'!$A$2:$A$33,0)) -> D6 class (~215-240 hp, ~50k lb) | E54: 1 | M54: =INDEX('Catalog ref'!$D$2:$D$33,MATCH(C54,'Catalog ref'!$A$2:$A$33,0)) -> 2111 | N54: =INDEX('Catalog ref'!$K$2:$K$33,MATCH(C54,'Catalog ref'!$A$2:$A$33,0)) -> 4.82 | O54: =INDEX('Catalog ref'!$M$2:$M$33,MATCH(C54,'Catalog ref'!$A$2:$A$33,0)) -> 550
A55: A3 | B55: 8 | C55: AT-GPS-DOZER | D55: =INDEX('Catalog ref'!$C$2:$C$33,MATCH(C55,'Catalog ref'!$A$2:$A$33,0)) -> GPS/machine-control kit for dozer | E55: 1 | M55: =INDEX('Catalog ref'!$D$2:$D$33,MATCH(C55,'Catalog ref'!$A$2:$A$33,0)) -> 560 | N55: =INDEX('Catalog ref'!$K$2:$K$33,MATCH(C55,'Catalog ref'!$A$2:$A$33,0)) -> 0 | O55: =INDEX('Catalog ref'!$M$2:$M$33,MATCH(C55,'Catalog ref'!$A$2:$A$33,0)) -> 400
A56: A3 | B56: 8 | C56: CP-TAMP-825 | D56: =INDEX('Catalog ref'!$C$2:$C$33,MATCH(C56,'Catalog ref'!$A$2:$A$33,0)) -> Cat 825 (~405 hp) | E56: 2 | M56: =INDEX('Catalog ref'!$D$2:$D$33,MATCH(C56,'Catalog ref'!$A$2:$A$33,0)) -> 4034 | N56: =INDEX('Catalog ref'!$K$2:$K$33,MATCH(C56,'Catalog ref'!$A$2:$A$33,0)) -> 10.06 | O56: =INDEX('Catalog ref'!$M$2:$M$33,MATCH(C56,'Catalog ref'!$A$2:$A$33,0)) -> 1800
A57: A3 | B57: 8 | C57: WT-8000-ADT | D57: =INDEX('Catalog ref'!$C$2:$C$33,MATCH(C57,'Catalog ref'!$A$2:$A$33,0)) -> 8,000 gal ADT-based | E57: 2 | H57: Y | M57: =INDEX('Catalog ref'!$D$2:$D$33,MATCH(C57,'Catalog ref'!$A$2:$A$33,0)) -> 2810 | N57: =INDEX('Catalog ref'!$K$2:$K$33,MATCH(C57,'Catalog ref'!$A$2:$A$33,0)) -> 0 | O57: =INDEX('Catalog ref'!$M$2:$M$33,MATCH(C57,'Catalog ref'!$A$2:$A$33,0)) -> 1800
A58: A4 | B58: 1 | C58: DZ-CRAWL-D3 | D58: =INDEX('Catalog ref'!$C$2:$C$33,MATCH(C58,'Catalog ref'!$A$2:$A$33,0)) -> D3 class (~100-104 hp, 20-24k lb) | E58: 1 | F58: Y | G58: main | I58: EW-PUSH-100 | J58: =IFERROR(INDEX('Catalog production'!$D$2:$D$15,MATCH(C58&"|"&I58,'Catalog production'!$A$2:$A$15,0))*1,"") -> 145.33162 | K58: =IFERROR(INDEX('Catalog production'!$E$2:$E$15,MATCH(C58&"|"&I58,'Catalog production'!$A$2:$A$15,0))&"","") -> LCY/hr | L58: =IF(N(J58)=0,"",E58*J58*Settings!$B$2*IF(K58="LCY/hr",1/Settings!$B$3,1)) -> 1162.653 | M58: =INDEX('Catalog ref'!$D$2:$D$33,MATCH(C58,'Catalog ref'!$A$2:$A$33,0)) -> 875 | N58: =INDEX('Catalog ref'!$K$2:$K$33,MATCH(C58,'Catalog ref'!$A$2:$A$33,0)) -> 1.93 | O58: =INDEX('Catalog ref'!$M$2:$M$33,MATCH(C58,'Catalog ref'!$A$2:$A$33,0)) -> 550
A59: A4 | B59: 2 | C59: DZ-CRAWL-D5 | D59: =INDEX('Catalog ref'!$C$2:$C$33,MATCH(C59,'Catalog ref'!$A$2:$A$33,0)) -> D5 class (~170 hp, ~40k lb) | E59: 1 | F59: Y | G59: main | I59: EW-PUSH-100 | J59: =IFERROR(INDEX('Catalog production'!$D$2:$D$15,MATCH(C59&"|"&I59,'Catalog production'!$A$2:$A$15,0))*1,"") -> 233.75016 | K59: =IFERROR(INDEX('Catalog production'!$E$2:$E$15,MATCH(C59&"|"&I59,'Catalog production'!$A$2:$A$15,0))&"","") -> LCY/hr | L59: =IF(N(J59)=0,"",E59*J59*Settings!$B$2*IF(K59="LCY/hr",1/Settings!$B$3,1)) -> 1870.0013 | M59: =INDEX('Catalog ref'!$D$2:$D$33,MATCH(C59,'Catalog ref'!$A$2:$A$33,0)) -> 1554 | N59: =INDEX('Catalog ref'!$K$2:$K$33,MATCH(C59,'Catalog ref'!$A$2:$A$33,0)) -> 4.12 | O59: =INDEX('Catalog ref'!$M$2:$M$33,MATCH(C59,'Catalog ref'!$A$2:$A$33,0)) -> 550
A60: A4 | B60: 3 | C60: DZ-CRAWL-D6 | D60: =INDEX('Catalog ref'!$C$2:$C$33,MATCH(C60,'Catalog ref'!$A$2:$A$33,0)) -> D6 class (~215-240 hp, ~50k lb) | E60: 1 | F60: Y | G60: main | I60: EW-PUSH-100 | J60: =IFERROR(INDEX('Catalog production'!$D$2:$D$15,MATCH(C60&"|"&I60,'Catalog production'!$A$2:$A$15,0))*1,"") -> 381.11439 | K60: =IFERROR(INDEX('Catalog production'!$E$2:$E$15,MATCH(C60&"|"&I60,'Catalog production'!$A$2:$A$15,0))&"","") -> LCY/hr | L60: =IF(N(J60)=0,"",E60*J60*Settings!$B$2*IF(K60="LCY/hr",1/Settings!$B$3,1)) -> 3048.9152 | M60: =INDEX('Catalog ref'!$D$2:$D$33,MATCH(C60,'Catalog ref'!$A$2:$A$33,0)) -> 2111 | N60: =INDEX('Catalog ref'!$K$2:$K$33,MATCH(C60,'Catalog ref'!$A$2:$A$33,0)) -> 4.82 | O60: =INDEX('Catalog ref'!$M$2:$M$33,MATCH(C60,'Catalog ref'!$A$2:$A$33,0)) -> 550
A61: A4 | B61: 4 | C61: DZ-CRAWL-D6 | D61: =INDEX('Catalog ref'!$C$2:$C$33,MATCH(C61,'Catalog ref'!$A$2:$A$33,0)) -> D6 class (~215-240 hp, ~50k lb) | E61: 1 | F61: Y | G61: main | I61: EW-PUSH-100 | J61: =IFERROR(INDEX('Catalog production'!$D$2:$D$15,MATCH(C61&"|"&I61,'Catalog production'!$A$2:$A$15,0))*1,"") -> 381.11439 | K61: =IFERROR(INDEX('Catalog production'!$E$2:$E$15,MATCH(C61&"|"&I61,'Catalog production'!$A$2:$A$15,0))&"","") -> LCY/hr | L61: =IF(N(J61)=0,"",E61*J61*Settings!$B$2*IF(K61="LCY/hr",1/Settings!$B$3,1)) -> 3048.9152 | M61: =INDEX('Catalog ref'!$D$2:$D$33,MATCH(C61,'Catalog ref'!$A$2:$A$33,0)) -> 2111 | N61: =INDEX('Catalog ref'!$K$2:$K$33,MATCH(C61,'Catalog ref'!$A$2:$A$33,0)) -> 4.82 | O61: =INDEX('Catalog ref'!$M$2:$M$33,MATCH(C61,'Catalog ref'!$A$2:$A$33,0)) -> 550
A62: A4 | B62: 4 | C62: DZ-CRAWL-D5 | D62: =INDEX('Catalog ref'!$C$2:$C$33,MATCH(C62,'Catalog ref'!$A$2:$A$33,0)) -> D5 class (~170 hp, ~40k lb) | E62: 1 | G62: main | I62: EW-PUSH-100 | J62: =IFERROR(INDEX('Catalog production'!$D$2:$D$15,MATCH(C62&"|"&I62,'Catalog production'!$A$2:$A$15,0))*1,"") -> 233.75016 | K62: =IFERROR(INDEX('Catalog production'!$E$2:$E$15,MATCH(C62&"|"&I62,'Catalog production'!$A$2:$A$15,0))&"","") -> LCY/hr | L62: =IF(N(J62)=0,"",E62*J62*Settings!$B$2*IF(K62="LCY/hr",1/Settings!$B$3,1)) -> 1870.0013 | M62: =INDEX('Catalog ref'!$D$2:$D$33,MATCH(C62,'Catalog ref'!$A$2:$A$33,0)) -> 1554 | N62: =INDEX('Catalog ref'!$K$2:$K$33,MATCH(C62,'Catalog ref'!$A$2:$A$33,0)) -> 4.12 | O62: =INDEX('Catalog ref'!$M$2:$M$33,MATCH(C62,'Catalog ref'!$A$2:$A$33,0)) -> 550
A63: A4 | B63: 5 | C63: DZ-CRAWL-D8 | D63: =INDEX('Catalog ref'!$C$2:$C$33,MATCH(C63,'Catalog ref'!$A$2:$A$33,0)) -> D8 class (~363 hp) | E63: 1 | F63: Y | G63: main | I63: EW-PUSH-100 | J63: =IFERROR(INDEX('Catalog production'!$D$2:$D$15,MATCH(C63&"|"&I63,'Catalog production'!$A$2:$A$15,0))*1,"") -> 684.48145 | K63: =IFERROR(INDEX('Catalog production'!$E$2:$E$15,MATCH(C63&"|"&I63,'Catalog production'!$A$2:$A$15,0))&"","") -> LCY/hr | L63: =IF(N(J63)=0,"",E63*J63*Settings!$B$2*IF(K63="LCY/hr",1/Settings!$B$3,1)) -> 5475.8516 | M63: =INDEX('Catalog ref'!$D$2:$D$33,MATCH(C63,'Catalog ref'!$A$2:$A$33,0)) -> 4170 | N63: =INDEX('Catalog ref'!$K$2:$K$33,MATCH(C63,'Catalog ref'!$A$2:$A$33,0)) -> 8.59 | O63: =INDEX('Catalog ref'!$M$2:$M$33,MATCH(C63,'Catalog ref'!$A$2:$A$33,0)) -> 1800
A64: A4 | B64: 5 | C64: DZ-CRAWL-D6 | D64: =INDEX('Catalog ref'!$C$2:$C$33,MATCH(C64,'Catalog ref'!$A$2:$A$33,0)) -> D6 class (~215-240 hp, ~50k lb) | E64: 1 | G64: main | I64: EW-PUSH-100 | J64: =IFERROR(INDEX('Catalog production'!$D$2:$D$15,MATCH(C64&"|"&I64,'Catalog production'!$A$2:$A$15,0))*1,"") -> 381.11439 | K64: =IFERROR(INDEX('Catalog production'!$E$2:$E$15,MATCH(C64&"|"&I64,'Catalog production'!$A$2:$A$15,0))&"","") -> LCY/hr | L64: =IF(N(J64)=0,"",E64*J64*Settings!$B$2*IF(K64="LCY/hr",1/Settings!$B$3,1)) -> 3048.9152 | M64: =INDEX('Catalog ref'!$D$2:$D$33,MATCH(C64,'Catalog ref'!$A$2:$A$33,0)) -> 2111 | N64: =INDEX('Catalog ref'!$K$2:$K$33,MATCH(C64,'Catalog ref'!$A$2:$A$33,0)) -> 4.82 | O64: =INDEX('Catalog ref'!$M$2:$M$33,MATCH(C64,'Catalog ref'!$A$2:$A$33,0)) -> 550
A65: A5 | B65: 1 | C65: CTL-LARGE | D65: =INDEX('Catalog ref'!$C$2:$C$33,MATCH(C65,'Catalog ref'!$A$2:$A$33,0)) -> ROC >3,000 lb | E65: 1 | F65: Y | G65: main | I65: EW-LOAD-TRK | J65: =IFERROR(INDEX('Catalog production'!$D$2:$D$15,MATCH(C65&"|"&I65,'Catalog production'!$A$2:$A$15,0))*1,"") -> 70.0188 | K65: =IFERROR(INDEX('Catalog production'!$E$2:$E$15,MATCH(C65&"|"&I65,'Catalog production'!$A$2:$A$15,0))&"","") -> LCY/hr | L65: =IF(N(J65)=0,"",E65*J65*Settings!$B$2*IF(K65="LCY/hr",1/Settings!$B$3,1)) -> 560.1504 | M65: =INDEX('Catalog ref'!$D$2:$D$33,MATCH(C65,'Catalog ref'!$A$2:$A$33,0)) -> 500 | N65: =INDEX('Catalog ref'!$K$2:$K$33,MATCH(C65,'Catalog ref'!$A$2:$A$33,0)) -> 3.3 | O65: =INDEX('Catalog ref'!$M$2:$M$33,MATCH(C65,'Catalog ref'!$A$2:$A$33,0)) -> 500
A66: A5 | B66: 1 | C66: DZ-CRAWL-D3 | D66: =INDEX('Catalog ref'!$C$2:$C$33,MATCH(C66,'Catalog ref'!$A$2:$A$33,0)) -> D3 class (~100-104 hp, 20-24k lb) | E66: 1 | M66: =INDEX('Catalog ref'!$D$2:$D$33,MATCH(C66,'Catalog ref'!$A$2:$A$33,0)) -> 875 | N66: =INDEX('Catalog ref'!$K$2:$K$33,MATCH(C66,'Catalog ref'!$A$2:$A$33,0)) -> 1.93 | O66: =INDEX('Catalog ref'!$M$2:$M$33,MATCH(C66,'Catalog ref'!$A$2:$A$33,0)) -> 550
A67: A5 | B67: 2 | C67: WL-SMALL-3Y | D67: =INDEX('Catalog ref'!$C$2:$C$33,MATCH(C67,'Catalog ref'!$A$2:$A$33,0)) -> 3-3.2 yd (~170 hp) | E67: 1 | F67: Y | G67: main | I67: EW-LOAD-TRK | J67: =IFERROR(INDEX('Catalog production'!$D$2:$D$15,MATCH(C67&"|"&I67,'Catalog production'!$A$2:$A$15,0))*1,"") -> 293.322 | K67: =IFERROR(INDEX('Catalog production'!$E$2:$E$15,MATCH(C67&"|"&I67,'Catalog production'!$A$2:$A$15,0))&"","") -> LCY/hr | L67: =IF(N(J67)=0,"",E67*J67*Settings!$B$2*IF(K67="LCY/hr",1/Settings!$B$3,1)) -> 2346.576 | M67: =INDEX('Catalog ref'!$D$2:$D$33,MATCH(C67,'Catalog ref'!$A$2:$A$33,0)) -> 825 | N67: =INDEX('Catalog ref'!$K$2:$K$33,MATCH(C67,'Catalog ref'!$A$2:$A$33,0)) -> 2.11 | O67: =INDEX('Catalog ref'!$M$2:$M$33,MATCH(C67,'Catalog ref'!$A$2:$A$33,0)) -> 550
A68: A5 | B68: 2 | C68: ADT-25T | D68: =INDEX('Catalog ref'!$C$2:$C$33,MATCH(C68,'Catalog ref'!$A$2:$A$33,0)) -> 26.5 t payload | E68: 1 | M68: =INDEX('Catalog ref'!$D$2:$D$33,MATCH(C68,'Catalog ref'!$A$2:$A$33,0)) -> 1882 | N68: =INDEX('Catalog ref'!$K$2:$K$33,MATCH(C68,'Catalog ref'!$A$2:$A$33,0)) -> 4.56 | O68: =INDEX('Catalog ref'!$M$2:$M$33,MATCH(C68,'Catalog ref'!$A$2:$A$33,0)) -> 1800
A69: A5 | B69: 2 | C69: DZ-CRAWL-D4 | D69: =INDEX('Catalog ref'!$C$2:$C$33,MATCH(C69,'Catalog ref'!$A$2:$A$33,0)) -> D4 class (~130 hp, ~30k lb) | E69: 1 | M69: =INDEX('Catalog ref'!$D$2:$D$33,MATCH(C69,'Catalog ref'!$A$2:$A$33,0)) -> 1142 | N69: =INDEX('Catalog ref'!$K$2:$K$33,MATCH(C69,'Catalog ref'!$A$2:$A$33,0)) -> 2.85 | O69: =INDEX('Catalog ref'!$M$2:$M$33,MATCH(C69,'Catalog ref'!$A$2:$A$33,0)) -> 550
A70: A5 | B70: 3 | C70: WL-MED-45Y | D70: =INDEX('Catalog ref'!$C$2:$C$33,MATCH(C70,'Catalog ref'!$A$2:$A$33,0)) -> 4.5 yd (~225-250 hp) | E70: 1 | F70: Y | G70: main | I70: EW-LOAD-TRK | J70: =IFERROR(INDEX('Catalog production'!$D$2:$D$15,MATCH(C70&"|"&I70,'Catalog production'!$A$2:$A$15,0))*1,"") -> 425.79 | K70: =IFERROR(INDEX('Catalog production'!$E$2:$E$15,MATCH(C70&"|"&I70,'Catalog production'!$A$2:$A$15,0))&"","") -> LCY/hr | L70: =IF(N(J70)=0,"",E70*J70*Settings!$B$2*IF(K70="LCY/hr",1/Settings!$B$3,1)) -> 3406.32 | M70: =INDEX('Catalog ref'!$D$2:$D$33,MATCH(C70,'Catalog ref'!$A$2:$A$33,0)) -> 1473 | N70: =INDEX('Catalog ref'!$K$2:$K$33,MATCH(C70,'Catalog ref'!$A$2:$A$33,0)) -> 3.02 | O70: =INDEX('Catalog ref'!$M$2:$M$33,MATCH(C70,'Catalog ref'!$A$2:$A$33,0)) -> 550
A71: A5 | B71: 3 | C71: ADT-30T | D71: =INDEX('Catalog ref'!$C$2:$C$33,MATCH(C71,'Catalog ref'!$A$2:$A$33,0)) -> 30 t payload | E71: 2 | M71: =INDEX('Catalog ref'!$D$2:$D$33,MATCH(C71,'Catalog ref'!$A$2:$A$33,0)) -> 2126 | N71: =INDEX('Catalog ref'!$K$2:$K$33,MATCH(C71,'Catalog ref'!$A$2:$A$33,0)) -> 4.38 | O71: =INDEX('Catalog ref'!$M$2:$M$33,MATCH(C71,'Catalog ref'!$A$2:$A$33,0)) -> 1800
A72: A5 | B72: 3 | C72: DZ-CRAWL-D5 | D72: =INDEX('Catalog ref'!$C$2:$C$33,MATCH(C72,'Catalog ref'!$A$2:$A$33,0)) -> D5 class (~170 hp, ~40k lb) | E72: 1 | M72: =INDEX('Catalog ref'!$D$2:$D$33,MATCH(C72,'Catalog ref'!$A$2:$A$33,0)) -> 1554 | N72: =INDEX('Catalog ref'!$K$2:$K$33,MATCH(C72,'Catalog ref'!$A$2:$A$33,0)) -> 4.12 | O72: =INDEX('Catalog ref'!$M$2:$M$33,MATCH(C72,'Catalog ref'!$A$2:$A$33,0)) -> 550
A73: A5 | B73: 4 | C73: WL-MED-45Y | D73: =INDEX('Catalog ref'!$C$2:$C$33,MATCH(C73,'Catalog ref'!$A$2:$A$33,0)) -> 4.5 yd (~225-250 hp) | E73: 1 | F73: Y | G73: main | I73: EW-LOAD-TRK | J73: =IFERROR(INDEX('Catalog production'!$D$2:$D$15,MATCH(C73&"|"&I73,'Catalog production'!$A$2:$A$15,0))*1,"") -> 425.79 | K73: =IFERROR(INDEX('Catalog production'!$E$2:$E$15,MATCH(C73&"|"&I73,'Catalog production'!$A$2:$A$15,0))&"","") -> LCY/hr | L73: =IF(N(J73)=0,"",E73*J73*Settings!$B$2*IF(K73="LCY/hr",1/Settings!$B$3,1)) -> 3406.32 | M73: =INDEX('Catalog ref'!$D$2:$D$33,MATCH(C73,'Catalog ref'!$A$2:$A$33,0)) -> 1473 | N73: =INDEX('Catalog ref'!$K$2:$K$33,MATCH(C73,'Catalog ref'!$A$2:$A$33,0)) -> 3.02 | O73: =INDEX('Catalog ref'!$M$2:$M$33,MATCH(C73,'Catalog ref'!$A$2:$A$33,0)) -> 550
A74: A5 | B74: 4 | C74: ADT-30T | D74: =INDEX('Catalog ref'!$C$2:$C$33,MATCH(C74,'Catalog ref'!$A$2:$A$33,0)) -> 30 t payload | E74: 3 | M74: =INDEX('Catalog ref'!$D$2:$D$33,MATCH(C74,'Catalog ref'!$A$2:$A$33,0)) -> 2126 | N74: =INDEX('Catalog ref'!$K$2:$K$33,MATCH(C74,'Catalog ref'!$A$2:$A$33,0)) -> 4.38 | O74: =INDEX('Catalog ref'!$M$2:$M$33,MATCH(C74,'Catalog ref'!$A$2:$A$33,0)) -> 1800
A75: A5 | B75: 4 | C75: DZ-CRAWL-D6 | D75: =INDEX('Catalog ref'!$C$2:$C$33,MATCH(C75,'Catalog ref'!$A$2:$A$33,0)) -> D6 class (~215-240 hp, ~50k lb) | E75: 1 | M75: =INDEX('Catalog ref'!$D$2:$D$33,MATCH(C75,'Catalog ref'!$A$2:$A$33,0)) -> 2111 | N75: =INDEX('Catalog ref'!$K$2:$K$33,MATCH(C75,'Catalog ref'!$A$2:$A$33,0)) -> 4.82 | O75: =INDEX('Catalog ref'!$M$2:$M$33,MATCH(C75,'Catalog ref'!$A$2:$A$33,0)) -> 550
A76: A6 | B76: 1 | C76: WL-SMALL-3Y | D76: =INDEX('Catalog ref'!$C$2:$C$33,MATCH(C76,'Catalog ref'!$A$2:$A$33,0)) -> 3-3.2 yd (~170 hp) | E76: 1 | F76: Y | G76: load | I76: EW-LOAD-TRK | J76: =IFERROR(INDEX('Catalog production'!$D$2:$D$15,MATCH(C76&"|"&I76,'Catalog production'!$A$2:$A$15,0))*1,"") -> 293.322 | K76: =IFERROR(INDEX('Catalog production'!$E$2:$E$15,MATCH(C76&"|"&I76,'Catalog production'!$A$2:$A$15,0))&"","") -> LCY/hr | L76: =IF(N(J76)=0,"",E76*J76*Settings!$B$2*1) -> 2933.22 | M76: =INDEX('Catalog ref'!$D$2:$D$33,MATCH(C76,'Catalog ref'!$A$2:$A$33,0)) -> 825 | N76: =INDEX('Catalog ref'!$K$2:$K$33,MATCH(C76,'Catalog ref'!$A$2:$A$33,0)) -> 2.11 | O76: =INDEX('Catalog ref'!$M$2:$M$33,MATCH(C76,'Catalog ref'!$A$2:$A$33,0)) -> 550
A77: A6 | B77: 1 | C77: DT-OP-3AXLE | D77: =INDEX('Catalog ref'!$C$2:$C$33,MATCH(C77,'Catalog ref'!$A$2:$A$33,0)) -> 3-axle (tri-axle), operated | E77: 2 | G77: haul | I77: assumption | J77: =Settings!$B$5/Settings!$B$2 -> 14 | K77: LCY/hr | L77: =IF(N(J77)=0,"",E77*J77*Settings!$B$2*1) -> 280 | M77: =INDEX('Catalog ref'!$D$2:$D$33,MATCH(C77,'Catalog ref'!$A$2:$A$33,0)) -> 0 | N77: =INDEX('Catalog ref'!$K$2:$K$33,MATCH(C77,'Catalog ref'!$A$2:$A$33,0)) -> 0 | O77: =INDEX('Catalog ref'!$M$2:$M$33,MATCH(C77,'Catalog ref'!$A$2:$A$33,0)) -> 0
A78: A6 | B78: 2 | C78: WL-SMALL-3Y | D78: =INDEX('Catalog ref'!$C$2:$C$33,MATCH(C78,'Catalog ref'!$A$2:$A$33,0)) -> 3-3.2 yd (~170 hp) | E78: 1 | F78: Y | G78: load | I78: EW-LOAD-TRK | J78: =IFERROR(INDEX('Catalog production'!$D$2:$D$15,MATCH(C78&"|"&I78,'Catalog production'!$A$2:$A$15,0))*1,"") -> 293.322 | K78: =IFERROR(INDEX('Catalog production'!$E$2:$E$15,MATCH(C78&"|"&I78,'Catalog production'!$A$2:$A$15,0))&"","") -> LCY/hr | L78: =IF(N(J78)=0,"",E78*J78*Settings!$B$2*1) -> 2933.22 | M78: =INDEX('Catalog ref'!$D$2:$D$33,MATCH(C78,'Catalog ref'!$A$2:$A$33,0)) -> 825 | N78: =INDEX('Catalog ref'!$K$2:$K$33,MATCH(C78,'Catalog ref'!$A$2:$A$33,0)) -> 2.11 | O78: =INDEX('Catalog ref'!$M$2:$M$33,MATCH(C78,'Catalog ref'!$A$2:$A$33,0)) -> 550
A79: A6 | B79: 2 | C79: DT-OP-3AXLE | D79: =INDEX('Catalog ref'!$C$2:$C$33,MATCH(C79,'Catalog ref'!$A$2:$A$33,0)) -> 3-axle (tri-axle), operated | E79: 3 | G79: haul | I79: assumption | J79: =Settings!$B$5/Settings!$B$2 -> 14 | K79: LCY/hr | L79: =IF(N(J79)=0,"",E79*J79*Settings!$B$2*1) -> 420 | M79: =INDEX('Catalog ref'!$D$2:$D$33,MATCH(C79,'Catalog ref'!$A$2:$A$33,0)) -> 0 | N79: =INDEX('Catalog ref'!$K$2:$K$33,MATCH(C79,'Catalog ref'!$A$2:$A$33,0)) -> 0 | O79: =INDEX('Catalog ref'!$M$2:$M$33,MATCH(C79,'Catalog ref'!$A$2:$A$33,0)) -> 0
A80: A6 | B80: 3 | C80: WL-SMALL-3Y | D80: =INDEX('Catalog ref'!$C$2:$C$33,MATCH(C80,'Catalog ref'!$A$2:$A$33,0)) -> 3-3.2 yd (~170 hp) | E80: 1 | F80: Y | G80: load | I80: EW-LOAD-TRK | J80: =IFERROR(INDEX('Catalog production'!$D$2:$D$15,MATCH(C80&"|"&I80,'Catalog production'!$A$2:$A$15,0))*1,"") -> 293.322 | K80: =IFERROR(INDEX('Catalog production'!$E$2:$E$15,MATCH(C80&"|"&I80,'Catalog production'!$A$2:$A$15,0))&"","") -> LCY/hr | L80: =IF(N(J80)=0,"",E80*J80*Settings!$B$2*1) -> 2933.22 | M80: =INDEX('Catalog ref'!$D$2:$D$33,MATCH(C80,'Catalog ref'!$A$2:$A$33,0)) -> 825 | N80: =INDEX('Catalog ref'!$K$2:$K$33,MATCH(C80,'Catalog ref'!$A$2:$A$33,0)) -> 2.11 | O80: =INDEX('Catalog ref'!$M$2:$M$33,MATCH(C80,'Catalog ref'!$A$2:$A$33,0)) -> 550
A81: A6 | B81: 3 | C81: DT-OP-3AXLE | D81: =INDEX('Catalog ref'!$C$2:$C$33,MATCH(C81,'Catalog ref'!$A$2:$A$33,0)) -> 3-axle (tri-axle), operated | E81: 4 | G81: haul | I81: assumption | J81: =Settings!$B$5/Settings!$B$2 -> 14 | K81: LCY/hr | L81: =IF(N(J81)=0,"",E81*J81*Settings!$B$2*1) -> 560 | M81: =INDEX('Catalog ref'!$D$2:$D$33,MATCH(C81,'Catalog ref'!$A$2:$A$33,0)) -> 0 | N81: =INDEX('Catalog ref'!$K$2:$K$33,MATCH(C81,'Catalog ref'!$A$2:$A$33,0)) -> 0 | O81: =INDEX('Catalog ref'!$M$2:$M$33,MATCH(C81,'Catalog ref'!$A$2:$A$33,0)) -> 0
A82: A6 | B82: 4 | C82: WL-SMALL-3Y | D82: =INDEX('Catalog ref'!$C$2:$C$33,MATCH(C82,'Catalog ref'!$A$2:$A$33,0)) -> 3-3.2 yd (~170 hp) | E82: 1 | F82: Y | G82: load | I82: EW-LOAD-TRK | J82: =IFERROR(INDEX('Catalog production'!$D$2:$D$15,MATCH(C82&"|"&I82,'Catalog production'!$A$2:$A$15,0))*1,"") -> 293.322 | K82: =IFERROR(INDEX('Catalog production'!$E$2:$E$15,MATCH(C82&"|"&I82,'Catalog production'!$A$2:$A$15,0))&"","") -> LCY/hr | L82: =IF(N(J82)=0,"",E82*J82*Settings!$B$2*1) -> 2933.22 | M82: =INDEX('Catalog ref'!$D$2:$D$33,MATCH(C82,'Catalog ref'!$A$2:$A$33,0)) -> 825 | N82: =INDEX('Catalog ref'!$K$2:$K$33,MATCH(C82,'Catalog ref'!$A$2:$A$33,0)) -> 2.11 | O82: =INDEX('Catalog ref'!$M$2:$M$33,MATCH(C82,'Catalog ref'!$A$2:$A$33,0)) -> 550
A83: A6 | B83: 4 | C83: DT-OP-3AXLE | D83: =INDEX('Catalog ref'!$C$2:$C$33,MATCH(C83,'Catalog ref'!$A$2:$A$33,0)) -> 3-axle (tri-axle), operated | E83: 5 | G83: haul | I83: assumption | J83: =Settings!$B$5/Settings!$B$2 -> 14 | K83: LCY/hr | L83: =IF(N(J83)=0,"",E83*J83*Settings!$B$2*1) -> 700 | M83: =INDEX('Catalog ref'!$D$2:$D$33,MATCH(C83,'Catalog ref'!$A$2:$A$33,0)) -> 0 | N83: =INDEX('Catalog ref'!$K$2:$K$33,MATCH(C83,'Catalog ref'!$A$2:$A$33,0)) -> 0 | O83: =INDEX('Catalog ref'!$M$2:$M$33,MATCH(C83,'Catalog ref'!$A$2:$A$33,0)) -> 0
A84: A6 | B84: 5 | C84: WL-SMALL-3Y | D84: =INDEX('Catalog ref'!$C$2:$C$33,MATCH(C84,'Catalog ref'!$A$2:$A$33,0)) -> 3-3.2 yd (~170 hp) | E84: 1 | F84: Y | G84: load | I84: EW-LOAD-TRK | J84: =IFERROR(INDEX('Catalog production'!$D$2:$D$15,MATCH(C84&"|"&I84,'Catalog production'!$A$2:$A$15,0))*1,"") -> 293.322 | K84: =IFERROR(INDEX('Catalog production'!$E$2:$E$15,MATCH(C84&"|"&I84,'Catalog production'!$A$2:$A$15,0))&"","") -> LCY/hr | L84: =IF(N(J84)=0,"",E84*J84*Settings!$B$2*1) -> 2933.22 | M84: =INDEX('Catalog ref'!$D$2:$D$33,MATCH(C84,'Catalog ref'!$A$2:$A$33,0)) -> 825 | N84: =INDEX('Catalog ref'!$K$2:$K$33,MATCH(C84,'Catalog ref'!$A$2:$A$33,0)) -> 2.11 | O84: =INDEX('Catalog ref'!$M$2:$M$33,MATCH(C84,'Catalog ref'!$A$2:$A$33,0)) -> 550
A85: A6 | B85: 5 | C85: DT-OP-3AXLE | D85: =INDEX('Catalog ref'!$C$2:$C$33,MATCH(C85,'Catalog ref'!$A$2:$A$33,0)) -> 3-axle (tri-axle), operated | E85: 6 | G85: haul | I85: assumption | J85: =Settings!$B$5/Settings!$B$2 -> 14 | K85: LCY/hr | L85: =IF(N(J85)=0,"",E85*J85*Settings!$B$2*1) -> 840 | M85: =INDEX('Catalog ref'!$D$2:$D$33,MATCH(C85,'Catalog ref'!$A$2:$A$33,0)) -> 0 | N85: =INDEX('Catalog ref'!$K$2:$K$33,MATCH(C85,'Catalog ref'!$A$2:$A$33,0)) -> 0 | O85: =INDEX('Catalog ref'!$M$2:$M$33,MATCH(C85,'Catalog ref'!$A$2:$A$33,0)) -> 0
A86: A6 | B86: 6 | C86: WL-SMALL-3Y | D86: =INDEX('Catalog ref'!$C$2:$C$33,MATCH(C86,'Catalog ref'!$A$2:$A$33,0)) -> 3-3.2 yd (~170 hp) | E86: 1 | F86: Y | G86: load | I86: EW-LOAD-TRK | J86: =IFERROR(INDEX('Catalog production'!$D$2:$D$15,MATCH(C86&"|"&I86,'Catalog production'!$A$2:$A$15,0))*1,"") -> 293.322 | K86: =IFERROR(INDEX('Catalog production'!$E$2:$E$15,MATCH(C86&"|"&I86,'Catalog production'!$A$2:$A$15,0))&"","") -> LCY/hr | L86: =IF(N(J86)=0,"",E86*J86*Settings!$B$2*1) -> 2933.22 | M86: =INDEX('Catalog ref'!$D$2:$D$33,MATCH(C86,'Catalog ref'!$A$2:$A$33,0)) -> 825 | N86: =INDEX('Catalog ref'!$K$2:$K$33,MATCH(C86,'Catalog ref'!$A$2:$A$33,0)) -> 2.11 | O86: =INDEX('Catalog ref'!$M$2:$M$33,MATCH(C86,'Catalog ref'!$A$2:$A$33,0)) -> 550
A87: A6 | B87: 6 | C87: DT-OP-3AXLE | D87: =INDEX('Catalog ref'!$C$2:$C$33,MATCH(C87,'Catalog ref'!$A$2:$A$33,0)) -> 3-axle (tri-axle), operated | E87: 8 | G87: haul | I87: assumption | J87: =Settings!$B$5/Settings!$B$2 -> 14 | K87: LCY/hr | L87: =IF(N(J87)=0,"",E87*J87*Settings!$B$2*1) -> 1120 | M87: =INDEX('Catalog ref'!$D$2:$D$33,MATCH(C87,'Catalog ref'!$A$2:$A$33,0)) -> 0 | N87: =INDEX('Catalog ref'!$K$2:$K$33,MATCH(C87,'Catalog ref'!$A$2:$A$33,0)) -> 0 | O87: =INDEX('Catalog ref'!$M$2:$M$33,MATCH(C87,'Catalog ref'!$A$2:$A$33,0)) -> 0
A88: A6 | B88: 7 | C88: WL-MED-45Y | D88: =INDEX('Catalog ref'!$C$2:$C$33,MATCH(C88,'Catalog ref'!$A$2:$A$33,0)) -> 4.5 yd (~225-250 hp) | E88: 1 | F88: Y | G88: load | I88: EW-LOAD-TRK | J88: =IFERROR(INDEX('Catalog production'!$D$2:$D$15,MATCH(C88&"|"&I88,'Catalog production'!$A$2:$A$15,0))*1,"") -> 425.79 | K88: =IFERROR(INDEX('Catalog production'!$E$2:$E$15,MATCH(C88&"|"&I88,'Catalog production'!$A$2:$A$15,0))&"","") -> LCY/hr | L88: =IF(N(J88)=0,"",E88*J88*Settings!$B$2*1) -> 4257.9 | M88: =INDEX('Catalog ref'!$D$2:$D$33,MATCH(C88,'Catalog ref'!$A$2:$A$33,0)) -> 1473 | N88: =INDEX('Catalog ref'!$K$2:$K$33,MATCH(C88,'Catalog ref'!$A$2:$A$33,0)) -> 3.02 | O88: =INDEX('Catalog ref'!$M$2:$M$33,MATCH(C88,'Catalog ref'!$A$2:$A$33,0)) -> 550
A89: A6 | B89: 7 | C89: DT-OP-3AXLE | D89: =INDEX('Catalog ref'!$C$2:$C$33,MATCH(C89,'Catalog ref'!$A$2:$A$33,0)) -> 3-axle (tri-axle), operated | E89: 10 | G89: haul | I89: assumption | J89: =Settings!$B$5/Settings!$B$2 -> 14 | K89: LCY/hr | L89: =IF(N(J89)=0,"",E89*J89*Settings!$B$2*1) -> 1400 | M89: =INDEX('Catalog ref'!$D$2:$D$33,MATCH(C89,'Catalog ref'!$A$2:$A$33,0)) -> 0 | N89: =INDEX('Catalog ref'!$K$2:$K$33,MATCH(C89,'Catalog ref'!$A$2:$A$33,0)) -> 0 | O89: =INDEX('Catalog ref'!$M$2:$M$33,MATCH(C89,'Catalog ref'!$A$2:$A$33,0)) -> 0
A90: A6 | B90: 8 | C90: WL-MED-45Y | D90: =INDEX('Catalog ref'!$C$2:$C$33,MATCH(C90,'Catalog ref'!$A$2:$A$33,0)) -> 4.5 yd (~225-250 hp) | E90: 1 | F90: Y | G90: load | I90: EW-LOAD-TRK | J90: =IFERROR(INDEX('Catalog production'!$D$2:$D$15,MATCH(C90&"|"&I90,'Catalog production'!$A$2:$A$15,0))*1,"") -> 425.79 | K90: =IFERROR(INDEX('Catalog production'!$E$2:$E$15,MATCH(C90&"|"&I90,'Catalog production'!$A$2:$A$15,0))&"","") -> LCY/hr | L90: =IF(N(J90)=0,"",E90*J90*Settings!$B$2*1) -> 4257.9 | M90: =INDEX('Catalog ref'!$D$2:$D$33,MATCH(C90,'Catalog ref'!$A$2:$A$33,0)) -> 1473 | N90: =INDEX('Catalog ref'!$K$2:$K$33,MATCH(C90,'Catalog ref'!$A$2:$A$33,0)) -> 3.02 | O90: =INDEX('Catalog ref'!$M$2:$M$33,MATCH(C90,'Catalog ref'!$A$2:$A$33,0)) -> 550
A91: A6 | B91: 8 | C91: DT-OP-3AXLE | D91: =INDEX('Catalog ref'!$C$2:$C$33,MATCH(C91,'Catalog ref'!$A$2:$A$33,0)) -> 3-axle (tri-axle), operated | E91: 12 | G91: haul | I91: assumption | J91: =Settings!$B$5/Settings!$B$2 -> 14 | K91: LCY/hr | L91: =IF(N(J91)=0,"",E91*J91*Settings!$B$2*1) -> 1680 | M91: =INDEX('Catalog ref'!$D$2:$D$33,MATCH(C91,'Catalog ref'!$A$2:$A$33,0)) -> 0 | N91: =INDEX('Catalog ref'!$K$2:$K$33,MATCH(C91,'Catalog ref'!$A$2:$A$33,0)) -> 0 | O91: =INDEX('Catalog ref'!$M$2:$M$33,MATCH(C91,'Catalog ref'!$A$2:$A$33,0)) -> 0
A92: A6 | B92: 9 | C92: WL-MED-45Y | D92: =INDEX('Catalog ref'!$C$2:$C$33,MATCH(C92,'Catalog ref'!$A$2:$A$33,0)) -> 4.5 yd (~225-250 hp) | E92: 1 | F92: Y | G92: load | I92: EW-LOAD-TRK | J92: =IFERROR(INDEX('Catalog production'!$D$2:$D$15,MATCH(C92&"|"&I92,'Catalog production'!$A$2:$A$15,0))*1,"") -> 425.79 | K92: =IFERROR(INDEX('Catalog production'!$E$2:$E$15,MATCH(C92&"|"&I92,'Catalog production'!$A$2:$A$15,0))&"","") -> LCY/hr | L92: =IF(N(J92)=0,"",E92*J92*Settings!$B$2*1) -> 4257.9 | M92: =INDEX('Catalog ref'!$D$2:$D$33,MATCH(C92,'Catalog ref'!$A$2:$A$33,0)) -> 1473 | N92: =INDEX('Catalog ref'!$K$2:$K$33,MATCH(C92,'Catalog ref'!$A$2:$A$33,0)) -> 3.02 | O92: =INDEX('Catalog ref'!$M$2:$M$33,MATCH(C92,'Catalog ref'!$A$2:$A$33,0)) -> 550
A93: A6 | B93: 9 | C93: DT-OP-3AXLE | D93: =INDEX('Catalog ref'!$C$2:$C$33,MATCH(C93,'Catalog ref'!$A$2:$A$33,0)) -> 3-axle (tri-axle), operated | E93: 15 | G93: haul | I93: assumption | J93: =Settings!$B$5/Settings!$B$2 -> 14 | K93: LCY/hr | L93: =IF(N(J93)=0,"",E93*J93*Settings!$B$2*1) -> 2100 | M93: =INDEX('Catalog ref'!$D$2:$D$33,MATCH(C93,'Catalog ref'!$A$2:$A$33,0)) -> 0 | N93: =INDEX('Catalog ref'!$K$2:$K$33,MATCH(C93,'Catalog ref'!$A$2:$A$33,0)) -> 0 | O93: =INDEX('Catalog ref'!$M$2:$M$33,MATCH(C93,'Catalog ref'!$A$2:$A$33,0)) -> 0
A94: A6 | B94: 10 | C94: WL-MED-45Y | D94: =INDEX('Catalog ref'!$C$2:$C$33,MATCH(C94,'Catalog ref'!$A$2:$A$33,0)) -> 4.5 yd (~225-250 hp) | E94: 1 | F94: Y | G94: load | I94: EW-LOAD-TRK | J94: =IFERROR(INDEX('Catalog production'!$D$2:$D$15,MATCH(C94&"|"&I94,'Catalog production'!$A$2:$A$15,0))*1,"") -> 425.79 | K94: =IFERROR(INDEX('Catalog production'!$E$2:$E$15,MATCH(C94&"|"&I94,'Catalog production'!$A$2:$A$15,0))&"","") -> LCY/hr | L94: =IF(N(J94)=0,"",E94*J94*Settings!$B$2*1) -> 4257.9 | M94: =INDEX('Catalog ref'!$D$2:$D$33,MATCH(C94,'Catalog ref'!$A$2:$A$33,0)) -> 1473 | N94: =INDEX('Catalog ref'!$K$2:$K$33,MATCH(C94,'Catalog ref'!$A$2:$A$33,0)) -> 3.02 | O94: =INDEX('Catalog ref'!$M$2:$M$33,MATCH(C94,'Catalog ref'!$A$2:$A$33,0)) -> 550
A95: A6 | B95: 10 | C95: DT-OP-3AXLE | D95: =INDEX('Catalog ref'!$C$2:$C$33,MATCH(C95,'Catalog ref'!$A$2:$A$33,0)) -> 3-axle (tri-axle), operated | E95: 18 | G95: haul | I95: assumption | J95: =Settings!$B$5/Settings!$B$2 -> 14 | K95: LCY/hr | L95: =IF(N(J95)=0,"",E95*J95*Settings!$B$2*1) -> 2520 | M95: =INDEX('Catalog ref'!$D$2:$D$33,MATCH(C95,'Catalog ref'!$A$2:$A$33,0)) -> 0 | N95: =INDEX('Catalog ref'!$K$2:$K$33,MATCH(C95,'Catalog ref'!$A$2:$A$33,0)) -> 0 | O95: =INDEX('Catalog ref'!$M$2:$M$33,MATCH(C95,'Catalog ref'!$A$2:$A$33,0)) -> 0
A96: A6 | B96: 11 | C96: WL-MED-45Y | D96: =INDEX('Catalog ref'!$C$2:$C$33,MATCH(C96,'Catalog ref'!$A$2:$A$33,0)) -> 4.5 yd (~225-250 hp) | E96: 1 | F96: Y | G96: load | I96: EW-LOAD-TRK | J96: =IFERROR(INDEX('Catalog production'!$D$2:$D$15,MATCH(C96&"|"&I96,'Catalog production'!$A$2:$A$15,0))*1,"") -> 425.79 | K96: =IFERROR(INDEX('Catalog production'!$E$2:$E$15,MATCH(C96&"|"&I96,'Catalog production'!$A$2:$A$15,0))&"","") -> LCY/hr | L96: =IF(N(J96)=0,"",E96*J96*Settings!$B$2*1) -> 4257.9 | M96: =INDEX('Catalog ref'!$D$2:$D$33,MATCH(C96,'Catalog ref'!$A$2:$A$33,0)) -> 1473 | N96: =INDEX('Catalog ref'!$K$2:$K$33,MATCH(C96,'Catalog ref'!$A$2:$A$33,0)) -> 3.02 | O96: =INDEX('Catalog ref'!$M$2:$M$33,MATCH(C96,'Catalog ref'!$A$2:$A$33,0)) -> 550
A97: A6 | B97: 11 | C97: DT-OP-3AXLE | D97: =INDEX('Catalog ref'!$C$2:$C$33,MATCH(C97,'Catalog ref'!$A$2:$A$33,0)) -> 3-axle (tri-axle), operated | E97: 22 | G97: haul | I97: assumption | J97: =Settings!$B$5/Settings!$B$2 -> 14 | K97: LCY/hr | L97: =IF(N(J97)=0,"",E97*J97*Settings!$B$2*1) -> 3080 | M97: =INDEX('Catalog ref'!$D$2:$D$33,MATCH(C97,'Catalog ref'!$A$2:$A$33,0)) -> 0 | N97: =INDEX('Catalog ref'!$K$2:$K$33,MATCH(C97,'Catalog ref'!$A$2:$A$33,0)) -> 0 | O97: =INDEX('Catalog ref'!$M$2:$M$33,MATCH(C97,'Catalog ref'!$A$2:$A$33,0)) -> 0
A98: A7 | B98: 1 | C98: DT-OP-3AXLE | D98: =INDEX('Catalog ref'!$C$2:$C$33,MATCH(C98,'Catalog ref'!$A$2:$A$33,0)) -> 3-axle (tri-axle), operated | E98: 2 | F98: Y | G98: haul | I98: assumption | J98: =Settings!$B$5/Settings!$B$2 -> 14 | K98: LCY/hr | L98: =IF(N(J98)=0,"",E98*J98*Settings!$B$2*1) -> 280 | M98: =INDEX('Catalog ref'!$D$2:$D$33,MATCH(C98,'Catalog ref'!$A$2:$A$33,0)) -> 0 | N98: =INDEX('Catalog ref'!$K$2:$K$33,MATCH(C98,'Catalog ref'!$A$2:$A$33,0)) -> 0 | O98: =INDEX('Catalog ref'!$M$2:$M$33,MATCH(C98,'Catalog ref'!$A$2:$A$33,0)) -> 0
A99: A7 | B99: 2 | C99: DT-OP-3AXLE | D99: =INDEX('Catalog ref'!$C$2:$C$33,MATCH(C99,'Catalog ref'!$A$2:$A$33,0)) -> 3-axle (tri-axle), operated | E99: 3 | F99: Y | G99: haul | I99: assumption | J99: =Settings!$B$5/Settings!$B$2 -> 14 | K99: LCY/hr | L99: =IF(N(J99)=0,"",E99*J99*Settings!$B$2*1) -> 420 | M99: =INDEX('Catalog ref'!$D$2:$D$33,MATCH(C99,'Catalog ref'!$A$2:$A$33,0)) -> 0 | N99: =INDEX('Catalog ref'!$K$2:$K$33,MATCH(C99,'Catalog ref'!$A$2:$A$33,0)) -> 0 | O99: =INDEX('Catalog ref'!$M$2:$M$33,MATCH(C99,'Catalog ref'!$A$2:$A$33,0)) -> 0
A100: A7 | B100: 3 | C100: DT-OP-3AXLE | D100: =INDEX('Catalog ref'!$C$2:$C$33,MATCH(C100,'Catalog ref'!$A$2:$A$33,0)) -> 3-axle (tri-axle), operated | E100: 4 | F100: Y | G100: haul | I100: assumption | J100: =Settings!$B$5/Settings!$B$2 -> 14 | K100: LCY/hr | L100: =IF(N(J100)=0,"",E100*J100*Settings!$B$2*1) -> 560 | M100: =INDEX('Catalog ref'!$D$2:$D$33,MATCH(C100,'Catalog ref'!$A$2:$A$33,0)) -> 0 | N100: =INDEX('Catalog ref'!$K$2:$K$33,MATCH(C100,'Catalog ref'!$A$2:$A$33,0)) -> 0 | O100: =INDEX('Catalog ref'!$M$2:$M$33,MATCH(C100,'Catalog ref'!$A$2:$A$33,0)) -> 0
...

Sheet Tier crew
A1: Activity | B1: Tier | C1: Crew role | D1: Count | E1: Note
A2: A1 | B2: 1 | C2: Foreman | D2: 0.25
A3: A1 | B3: 1 | C3: Operator (auto: follows machine count) | D3: 2 | E3: Listed for review; the app adds operators per machine
A4: A1 | B4: 2 | C4: Foreman | D4: 0.5
A5: A1 | B5: 2 | C5: Operator (auto: follows machine count) | D5: 3 | E5: Listed for review; the app adds operators per machine
A6: A1 | B6: 3 | C6: Foreman | D6: 0.5
A7: A1 | B7: 3 | C7: Operator (auto: follows machine count) | D7: 3 | E7: Listed for review; the app adds operators per machine
A8: A1 | B8: 4 | C8: Foreman | D8: 0.5
A9: A1 | B9: 4 | C9: Operator (auto: follows machine count) | D9: 3 | E9: Listed for review; the app adds operators per machine
A10: A1 | B10: 4 | C10: Laborer | D10: 0.5
A11: A1 | B11: 5 | C11: Foreman | D11: 0.5
A12: A1 | B12: 5 | C12: Operator (auto: follows machine count) | D12: 4 | E12: Listed for review; the app adds operators per machine
A13: A1 | B13: 5 | C13: Laborer | D13: 0.5
A14: A1 | B14: 6 | C14: Foreman | D14: 0.5
A15: A1 | B15: 6 | C15: Operator (auto: follows machine count) | D15: 4 | E15: Listed for review; the app adds operators per machine
A16: A1 | B16: 6 | C16: Laborer | D16: 0.5
A17: A1 | B17: 6 | C17: Grade checker | D17: 0.5
A18: A1 | B18: 7 | C18: Foreman | D18: 0.5
A19: A1 | B19: 7 | C19: Operator (auto: follows machine count) | D19: 5 | E19: Listed for review; the app adds operators per machine
A20: A1 | B20: 7 | C20: Laborer | D20: 0.5
A21: A1 | B21: 7 | C21: Grade checker | D21: 0.5
A22: A1 | B22: 8 | C22: Foreman | D22: 0.5
A23: A1 | B23: 8 | C23: Operator (auto: follows machine count) | D23: 8 | E23: Listed for review; the app adds operators per machine
A24: A1 | B24: 8 | C24: Laborer | D24: 0.5
A25: A1 | B25: 8 | C25: Grade checker | D25: 0.5
A26: A1 | B26: 9 | C26: Foreman | D26: 1
A27: A1 | B27: 9 | C27: Operator (auto: follows machine count) | D27: 11 | E27: Listed for review; the app adds operators per machine
A28: A1 | B28: 9 | C28: Laborer | D28: 1
A29: A1 | B29: 9 | C29: Grade checker | D29: 1
A30: A2 | B30: 1 | C30: Foreman | D30: 0.25
A31: A2 | B31: 1 | C31: Operator (auto: follows machine count) | D31: 1 | E31: Listed for review; the app adds operators per machine
A32: A2 | B32: 1 | C32: Laborer (spotter) | D32: 0.5
A33: A2 | B33: 2 | C33: Foreman | D33: 0.25
A34: A2 | B34: 2 | C34: Operator (auto: follows machine count) | D34: 1 | E34: Listed for review; the app adds operators per machine
A35: A2 | B35: 2 | C35: Laborer (spotter) | D35: 0.5
A36: A2 | B36: 3 | C36: Foreman | D36: 0.5
A37: A2 | B37: 3 | C37: Operator (auto: follows machine count) | D37: 1 | E37: Listed for review; the app adds operators per machine
A38: A2 | B38: 3 | C38: Laborer (spotter) | D38: 1
A39: A2 | B39: 4 | C39: Foreman | D39: 0.5
A40: A2 | B40: 4 | C40: Operator (auto: follows machine count) | D40: 2 | E40: Listed for review; the app adds operators per machine
A41: A2 | B41: 4 | C41: Laborer (spotter) | D41: 1
A42: A3 | B42: 1 | C42: Foreman | D42: 0.25
A43: A3 | B43: 1 | C43: Operator (auto: follows machine count) | D43: 2 | E43: Listed for review; the app adds operators per machine
A44: A3 | B44: 2 | C44: Foreman | D44: 0.5
A45: A3 | B45: 2 | C45: Operator (auto: follows machine count) | D45: 2 | E45: Listed for review; the app adds operators per machine
A46: A3 | B46: 3 | C46: Foreman | D46: 0.5
A47: A3 | B47: 3 | C47: Operator (auto: follows machine count) | D47: 2 | E47: Listed for review; the app adds operators per machine
A48: A3 | B48: 3 | C48: Laborer | D48: 0.5
A49: A3 | B49: 4 | C49: Foreman | D49: 0.5
A50: A3 | B50: 4 | C50: Operator (auto: follows machine count) | D50: 3 | E50: Listed for review; the app adds operators per machine
A51: A3 | B51: 4 | C51: Laborer | D51: 0.5
A52: A3 | B52: 5 | C52: Foreman | D52: 0.5
A53: A3 | B53: 5 | C53: Operator (auto: follows machine count) | D53: 2 | E53: Listed for review; the app adds operators per machine
A54: A3 | B54: 5 | C54: Laborer | D54: 2
A55: A3 | B55: 6 | C55: Foreman | D55: 0.5
A56: A3 | B56: 6 | C56: Operator (auto: follows machine count) | D56: 4 | E56: Listed for review; the app adds operators per machine
A57: A3 | B57: 6 | C57: Grade checker | D57: 0.5
A58: A3 | B58: 7 | C58: Foreman | D58: 0.5
A59: A3 | B59: 7 | C59: Operator (auto: follows machine count) | D59: 5 | E59: Listed for review; the app adds operators per machine
A60: A3 | B60: 7 | C60: Grade checker | D60: 0.5
A61: A3 | B61: 8 | C61: Foreman | D61: 1
A62: A3 | B62: 8 | C62: Operator (auto: follows machine count) | D62: 5 | E62: Listed for review; the app adds operators per machine
A63: A3 | B63: 8 | C63: Grade checker | D63: 1
A64: A4 | B64: 1 | C64: Foreman | D64: 0.25
A65: A4 | B65: 1 | C65: Operator (auto: follows machine count) | D65: 1 | E65: Listed for review; the app adds operators per machine
A66: A4 | B66: 2 | C66: Foreman | D66: 0.25
A67: A4 | B67: 2 | C67: Operator (auto: follows machine count) | D67: 1 | E67: Listed for review; the app adds operators per machine
A68: A4 | B68: 3 | C68: Foreman | D68: 0.25
A69: A4 | B69: 3 | C69: Operator (auto: follows machine count) | D69: 1 | E69: Listed for review; the app adds operators per machine
A70: A4 | B70: 4 | C70: Foreman | D70: 0.5
A71: A4 | B71: 4 | C71: Operator (auto: follows machine count) | D71: 2 | E71: Listed for review; the app adds operators per machine
A72: A4 | B72: 5 | C72: Foreman | D72: 0.5
A73: A4 | B73: 5 | C73: Operator (auto: follows machine count) | D73: 2 | E73: Listed for review; the app adds operators per machine
A74: A5 | B74: 1 | C74: Foreman | D74: 0.25
A75: A5 | B75: 1 | C75: Operator (auto: follows machine count) | D75: 2 | E75: Listed for review; the app adds operators per machine
A76: A5 | B76: 1 | C76: Laborer | D76: 1
A77: A5 | B77: 2 | C77: Foreman | D77: 0.25
A78: A5 | B78: 2 | C78: Operator (auto: follows machine count) | D78: 3 | E78: Listed for review; the app adds operators per machine
A79: A5 | B79: 2 | C79: Laborer | D79: 0.5
A80: A5 | B80: 3 | C80: Foreman | D80: 0.5
A81: A5 | B81: 3 | C81: Operator (auto: follows machine count) | D81: 4 | E81: Listed for review; the app adds operators per machine
A82: A5 | B82: 3 | C82: Laborer | D82: 0.5
A83: A5 | B83: 4 | C83: Foreman | D83: 0.5
A84: A5 | B84: 4 | C84: Operator (auto: follows machine count) | D84: 5 | E84: Listed for review; the app adds operators per machine
A85: A5 | B85: 4 | C85: Laborer | D85: 0.5
A86: A6 | B86: 1 | C86: Foreman | D86: 0.25
A87: A6 | B87: 1 | C87: Operator (auto: follows machine count) | D87: 1 | E87: Listed for review; the app adds operators per machine
A88: A6 | B88: 1 | C88: Laborer (spotter) | D88: 0.5
A89: A6 | B89: 2 | C89: Foreman | D89: 0.25
A90: A6 | B90: 2 | C90: Operator (auto: follows machine count) | D90: 1 | E90: Listed for review; the app adds operators per machine
A91: A6 | B91: 2 | C91: Laborer (spotter) | D91: 0.5
A92: A6 | B92: 3 | C92: Foreman | D92: 0.25
A93: A6 | B93: 3 | C93: Operator (auto: follows machine count) | D93: 1 | E93: Listed for review; the app adds operators per machine
A94: A6 | B94: 3 | C94: Laborer (spotter) | D94: 0.5
A95: A6 | B95: 4 | C95: Foreman | D95: 0.25
A96: A6 | B96: 4 | C96: Operator (auto: follows machine count) | D96: 1 | E96: Listed for review; the app adds operators per machine
A97: A6 | B97: 4 | C97: Laborer (spotter) | D97: 0.5
A98: A6 | B98: 5 | C98: Foreman | D98: 0.25
A99: A6 | B99: 5 | C99: Operator (auto: follows machine count) | D99: 1 | E99: Listed for review; the app adds operators per machine
A100: A6 | B100: 5 | C100: Laborer (spotter) | D100: 0.5
...

Sheet Catalog gaps
A1: Equip_ID | B1: Machine | C1: Missing in catalog | D1: Effect if used | E1: Enter once in Settings > Equipment library
A2: WT-4000 | B2: Water truck 4,000 gal | C2: Fuel gal/hr; mob (self-propelled) | D2: Line shows "No data" for fuel; mob needs a quote or "none" | E2: Company fuel gal/hr; confirm mob none (drives itself)
A3: WT-8000-ADT | B3: Water truck 8,000 gal ADT | C3: Fuel gal/hr | D3: Fuel "No data" | E3: Company fuel gal/hr
A4: ADT-40T | B4: ADT 40 t | C4: Fuel gal/hr | D4: Not used; 30 t trucks used instead | E4: Enter fuel, then swap 3 x 30 t for 2 x 40 t where you prefer (old sheet used 40 t)
A5: CP-SD-84-PAD | B5: 84 in padfoot roller | C5: Fuel gal/hr | D5: Not used; 84 in smooth used | E5: Enter fuel, then swap for cohesive (clay) fill
A6: CP-TRENCH-ROLLER | B6: Trench roller | C6: Fuel gal/hr | D6: Optional row in pipe crews | E6: Company fuel gal/hr
A7: CP-PLATE-REV | B7: Reversible plate | C7: Fuel gal/hr | D7: Optional row in pipe crews | E7: Company fuel gal/hr
A8: CP-TAMP-815 / 825 | B8: Tamping compactors | C8: Production (D) | D8: No capacity check on those Place and compact tiers | E8: Nothing needed for pricing
A9: DT-OP-3AXLE | B9: Hired tri-axle | C9: Minimum hours | D9: Advisory only | E9: Company minimum (often 4 hr)
A10: TRK-PU-* | B10: Pickups | C10: All rates (D) | D10: Left out of every spread | E10: Add a company pickup with your rate if you price pickups in crews
A11: PV-STABILIZER-WR2400 | B11: Soil stabilizer / reclaimer | C11: All rates | D11: Stabilization left unmapped | E11: Enter a rate to build a stabilization activity, or keep subcontracting

Sheet Old sheet
A1: From Crew_Assemley_DE_LLC V12 | B1: Kept / dropped | C1: How it is used here
A2: Spreads for Cut to Fill, Strip, Respread, Import, Export, Hammer Hoe, Ripping, Finegrade, Storm/Sewer pipe | B2: Kept | C2: Anchors for the tiers marked "Old sheet", translated to catalog size classes and split into excavate / place
A3: Quantity ranges (0-42k / 42-84k / 84-126k / >126k CY) and the production ladder | B3: Kept | C3: Default production by job quantity, extended down to 250/day for small jobs
A4: Fractional machines and crew (1/2 water truck, 1/4 foreman) | B4: Kept | C4: Decimal counts in spreads
A5: 10-hour work day | B5: Kept | C5: Basis of every production per day
A6: Typed-over equipment rates in crew tabs (e.g. CAT 330 $65/hr vs $142.80 list) | B6: Dropped | C6: National catalog rates; company rates go in as overrides
A7: Fuel at $4 in the Equipment sheet vs $5 in crews | B7: Dropped | C7: Fuel price is an estimate setting
A8: Labour rates x 0.93 | B8: Dropped | C8: Wage set rates
A9: 2021 burden worksheet | B9: Dropped | C9: Wage Calculator burden
A10: "Labor Hours" output (crew $/CY / $166.11) | B10: Dropped | C10: Labour and equipment priced separately
A11: Cut to Fill > 126k CY (highway trucks) tab | B11: Dropped | C11: Counts were mostly 0; top tiers are drafts
A12: Pickups in every crew | B12: Dropped | C12: No catalog rate (see Catalog gaps)

Sheet Catalog ref
A1: Equip_ID | B1: Type | C1: Size class | D1: Rent day | E1: Rent week | F1: Rent 4-week | G1: Rent grade | H1: Operated $/hr | I1: Owned $/hr ex-fuel | J1: Fuel type | K1: Fuel gal/hr med | L1: Transport class | M1: Mob one way @50 mi
A2: ADT-25T | B2: Articulated dump truck (ADT) | C2: 26.5 t payload | D2: 1882 | E2: 5223 | F2: 14259 | G2: A | J2: diesel | K2: 4.56 | L2: lowboy-permitted | M2: 1800
A3: ADT-30T | B3: Articulated dump truck (ADT) | C3: 30 t payload | D3: 2126 | E3: 5764 | F3: 15715 | G3: A | J3: diesel | K3: 4.38 | L3: lowboy-permitted | M3: 1800
A4: AT-BRK-20T | B4: Attachment | C4: Hydraulic breaker for 20-30 t excavator | D4: 1050 | E4: 2575 | F4: 6400 | G4: A | J4: none (attachment) | K4: 0 | L4: flatbed | M4: 400
A5: AT-BRK-36T | B5: Attachment | C5: Hydraulic breaker for ~36 t excavator (HB-3100) | D5: 1600 | E5: 3975 | F5: 9900 | G5: B | J5: none (attachment) | K5: 0 | L5: flatbed | M5: 400
A6: AT-GPS-DOZER | B6: Attachment | C6: GPS/machine-control kit for dozer | D6: 560 | E6: 1670 | F6: 5000 | G6: B | J6: none (attachment) | K6: 0 | L6: flatbed | M6: 400
A7: BH-STD-14FT | B7: Backhoe loader | C7: Standard 14-15 ft dig (90-103 hp) | D7: 500 | E7: 1250 | F7: 3735 | G7: A | I7: 104.69 | J7: diesel | K7: 1.46 | L7: lowboy-legal | M7: 550
A8: CP-PLATE-REV | B8: Plate compactor | C8: ~800-1,100 lb reversible plate | D8: 240 | E8: 821 | F8: 2418 | G8: A | J8: diesel | L8: pickup-towed | M8: 200
A9: CP-SD-84-SM | B9: Single-drum vibratory roller | C9: 84 in smooth | D9: 700 | E9: 1988 | F9: 5083 | G9: A | J9: diesel | K9: 2.91 | L9: lowboy-legal | M9: 550
A10: CP-TAMP-815 | B10: Wheeled soil compactor (tamping) | C10: Cat 815 (~249 hp) | D10: 2629 | E10: 7623 | F10: 22107 | G10: B | J10: diesel | K10: 6.84 | L10: lowboy-permitted | M10: 1800
A11: CP-TAMP-825 | B11: Wheeled soil compactor (tamping) | C11: Cat 825 (~405 hp) | D11: 4034 | E11: 11697 | F11: 33922 | G11: B | J11: diesel | K11: 10.06 | L11: lowboy-permitted | M11: 1800
A12: CP-TRENCH-ROLLER | B12: Trench roller | C12: ~32-33 in, ~3,200 lb | D12: 298 | E12: 1030 | F12: 3090 | G12: A | J12: diesel | L12: tilt-trailer | M12: 500
A13: CTL-LARGE | B13: Skid steer / CTL | C13: ROC >3,000 lb | D13: 500 | E13: 1700 | F13: 4200 | G13: A | I13: 50.3 | J13: diesel | K13: 3.3 | L13: tilt-trailer | M13: 500
A14: DT-OP-3AXLE | B14: On-road dump truck | C14: 3-axle (tri-axle), operated | G14: A | H14: 106.14 | J14: diesel | L14: self-propelled
A15: DZ-CRAWL-D3 | B15: Crawler dozer | C15: D3 class (~100-104 hp, 20-24k lb) | D15: 875 | E15: 2629 | F15: 6900 | G15: A | I15: 57.12 | J15: diesel | K15: 1.93 | L15: lowboy-legal | M15: 550
A16: DZ-CRAWL-D4 | B16: Crawler dozer | C16: D4 class (~130 hp, ~30k lb) | D16: 1142 | E16: 3062 | F16: 8302 | G16: A | I16: 76.27 | J16: diesel | K16: 2.85 | L16: lowboy-legal | M16: 550
A17: DZ-CRAWL-D5 | B17: Crawler dozer | C17: D5 class (~170 hp, ~40k lb) | D17: 1554 | E17: 4210 | F17: 11461 | G17: A | I17: 94.42 | J17: diesel | K17: 4.12 | L17: lowboy-legal | M17: 550
A18: DZ-CRAWL-D6 | B18: Crawler dozer | C18: D6 class (~215-240 hp, ~50k lb) | D18: 2111 | E18: 5730 | F18: 15656 | G18: A | I18: 117.51 | J18: diesel | K18: 4.82 | L18: lowboy-legal | M18: 550
A19: DZ-CRAWL-D8 | B19: Crawler dozer | C19: D8 class (~363 hp) | D19: 4170 | E19: 12092 | F19: 35066 | G19: B | I19: 182.04 | J19: diesel | K19: 8.59 | L19: lowboy-permitted | M19: 1800
A20: EX-CRAWL-17T | B20: Hydraulic excavator | C20: 16-18 t (~38,000-40,000 lb) | D20: 855 | E20: 2463 | F20: 6513 | G20: A | I20: 91.14 | J20: diesel | K20: 2.97 | L20: lowboy-legal | M20: 550
A21: EX-CRAWL-20T | B21: Hydraulic excavator | C21: 20-25 t (~48,500-62,800 lb) | D21: 1040 | E21: 2927 | F21: 7950 | G21: A | I21: 97.76 | J21: diesel | K21: 2.78 | L21: lowboy-legal | M21: 550
A22: EX-CRAWL-30T | B22: Hydraulic excavator | C22: 30-36 t (~68,000-81,000 lb) | D22: 1424 | E22: 4019 | F22: 10850 | G22: A | I22: 134.52 | J22: diesel | K22: 4.5 | L22: lowboy-permitted | M22: 1800
A23: EX-CRAWL-50T | B23: Hydraulic excavator | C23: 45-55 t (~105,000-108,000 lb) | D23: 2250 | E23: 5600 | F23: 14000 | G23: A | I23: 174.5 | J23: diesel | K23: 8.02 | L23: multi-axle-heavy | M23: 1913
A24: EX-CRAWL-70T | B24: Hydraulic excavator | C24: 65-75 t (~145,000-163,000 lb) | D24: 3950 | E24: 10690 | F24: 29160 | G24: A | I24: 212.07 | J24: diesel | K24: 9.95 | L24: multi-axle-heavy | M24: 1913
A25: GR-12FT-140 | B25: Motor grader | C25: 12 ft (Cat 140) | D25: 1949 | E25: 5652 | F25: 16389 | G25: B | I25: 146.12 | J25: diesel | K25: 3.53 | L25: lowboy-legal | M25: 550
A26: GR-14FT-160 | B26: Motor grader | C26: 14 ft (Cat 160) | D26: 2085 | E26: 6046 | F26: 17533 | G26: B | I26: 215.18 | J26: diesel | K26: 4.45 | L26: lowboy-legal | M26: 550
A27: TB-STL-8x20 | B27: Trench box / shield | C27: Steel trench box 8x20 | D27: 219 | E27: 635 | F27: 1842 | G27: B | J27: none | K27: 0 | L27: flatbed | M27: 400
A28: WL-COMPACT-1Y | B28: Wheel loader | C28: ~1-1.25 yd (~68-75 hp) | D28: 400 | E28: 1200 | F28: 3240 | G28: A | I28: 55.34 | J28: diesel | K28: 0.75 | L28: tilt-trailer | M28: 500
A29: WL-COMPACT-2Y | B29: Wheel loader | C29: 2-2.5 yd (~110 hp) | D29: 675 | E29: 1925 | F29: 4900 | G29: A | I29: 79.15 | J29: diesel | K29: 1.16 | L29: tilt-trailer | M29: 500
A30: WL-MED-45Y | B30: Wheel loader | C30: 4.5 yd (~225-250 hp) | D30: 1473 | E30: 4272 | F30: 12387 | G30: B | I30: 128.75 | J30: diesel | K30: 3.02 | L30: lowboy-legal | M30: 550
A31: WL-SMALL-3Y | B31: Wheel loader | C31: 3-3.2 yd (~170 hp) | D31: 825 | E31: 2050 | F31: 5500 | G31: A | I31: 109.02 | J31: diesel | K31: 2.11 | L31: lowboy-legal | M31: 550
A32: WT-4000 | B32: Water truck / tank | C32: 4,000 gal (6x4) | D32: 1057 | E32: 3067 | F32: 8894 | G32: B | J32: diesel | L32: self-propelled
A33: WT-8000-ADT | B33: Water truck / tank | C33: 8,000 gal ADT-based | D33: 2810 | E33: 8149 | F33: 23631 | G33: B | J33: diesel | L33: lowboy-permitted | M33: 1800
A35: Source: IntelCost Equipment Catalog.xlsx, Equipment sheet, values copied as published. Blank = not in the catalog.

Sheet Catalog production
A1: Key | B1: Equip_ID | C1: Activity_ID | D1: Production /hr (typical) | E1: Unit | F1: Grade | G1: Conditions
A2: CP-SD-84-SM|EW-COMP-SOIL-8 | B2: CP-SD-84-SM | C2: EW-COMP-SOIL-8 | D2: 265.1684 | E2: CCY/hr | F2: C | G2: Lift 8 in compacted; speed 1.14/1.75/2.37 mph (= 1 impact per inch at 1,200/1,850/2,500 vpm); passes 6/5/4 (low/typ/high; 4-6 typical)
A3: CTL-LARGE|EW-LOAD-TRK | B3: CTL-LARGE | C3: EW-LOAD-TRK | D3: 70.0188 | E3: LCY/hr | F3: C | G3: Loose material, hard smooth floor; Cat basic loader cycle 33/30/27 s (low/typ/high) applied to every loader-end bucket (wheel/track loaders, backhoe loader end, skid steers/CTLs). Fill 0.85/0.95/1.00; 80 in bucket 0.74 yd3 mapped to 3,500 lb+ ROC (notes mapping); Cat cycle is for wheel loaders - applied to skid steers/CTLs as an inference
A4: DZ-CRAWL-D3|EW-PUSH-100 | B4: DZ-CRAWL-D3 | C4: EW-PUSH-100 | D4: 145.33162 | E4: LCY/hr | F4: C | G4: Push distance 100 ft; doze 2.49 / reverse 4.97 mph (Settings B28-B29, KSU example); fixed 0.05 min; material factor 1.0; typ = average operator 0.75; low = x0.80 hard-to-drift; high = excellent operator 1.00 x slot dozing 1.20
A5: DZ-CRAWL-D5|EW-PUSH-100 | B5: DZ-CRAWL-D5 | C5: EW-PUSH-100 | D5: 233.75016 | E5: LCY/hr | F5: C | G5: Push distance 100 ft; doze 2.49 / reverse 4.97 mph (Settings B28-B29, KSU example); fixed 0.05 min; material factor 1.0; typ = average operator 0.75; low = x0.80 hard-to-drift; high = excellent operator 1.00 x slot dozing 1.20
A6: DZ-CRAWL-D6|EW-PUSH-100 | B6: DZ-CRAWL-D6 | C6: EW-PUSH-100 | D6: 381.11439 | E6: LCY/hr | F6: C | G6: Push distance 100 ft; doze 2.49 / reverse 4.97 mph (Settings B28-B29, KSU example); fixed 0.05 min; material factor 1.0; typ = average operator 0.75; low = x0.80 hard-to-drift; high = excellent operator 1.00 x slot dozing 1.20
A7: DZ-CRAWL-D8|EW-PUSH-100 | B7: DZ-CRAWL-D8 | C7: EW-PUSH-100 | D7: 684.48145 | E7: LCY/hr | F7: C | G7: Push distance 100 ft; doze 2.49 / reverse 4.97 mph (Settings B28-B29, KSU example); fixed 0.05 min; material factor 1.0; typ = average operator 0.75; low = x0.80 hard-to-drift; high = excellent operator 1.00 x slot dozing 1.20
A8: DZ-CRAWL-D8|EW-RIP | B8: DZ-CRAWL-D8 | C8: EW-RIP | D8: 300 | E8: BCY/hr | F8: C | G8: Low 8,500 fps / typ 6,500 fps / high 5,000 fps seismic velocity; first gear ~1-1.5 mph
A9: EX-CRAWL-17T|EW-CUTLOAD | B9: EX-CRAWL-17T | C9: EW-CUTLOAD | D9: 153.49783 | E9: BCY/hr | F9: C | G9: Common earth/loam; cycle 14 s (<1 CY) / 15 s (>=1 CY) at 40-60% of max depth & 30-60 deg swing; fill 0.8/1.0/1.1 (low/typ/high); L->B 0.80 (loam)
A10: EX-CRAWL-20T|EW-CUTLOAD | B10: EX-CRAWL-20T | C10: EW-CUTLOAD | D10: 163.344 | E10: BCY/hr | F10: C | G10: Common earth/loam; cycle 14 s (<1 CY) / 15 s (>=1 CY) at 40-60% of max depth & 30-60 deg swing; fill 0.8/1.0/1.1 (low/typ/high); L->B 0.80 (loam)
A11: EX-CRAWL-30T|EW-CUTLOAD | B11: EX-CRAWL-30T | C11: EW-CUTLOAD | D11: 310.752 | E11: BCY/hr | F11: C | G11: Common earth/loam; cycle 14 s (<1 CY) / 15 s (>=1 CY) at 40-60% of max depth & 30-60 deg swing; fill 0.8/1.0/1.1 (low/typ/high); L->B 0.80 (loam)
A12: EX-CRAWL-50T|EW-CUTLOAD | B12: EX-CRAWL-50T | C12: EW-CUTLOAD | D12: 510.90816 | E12: BCY/hr | F12: C | G12: Common earth/loam; cycle 14 s (<1 CY) / 15 s (>=1 CY) at 40-60% of max depth & 30-60 deg swing; fill 0.8/1.0/1.1 (low/typ/high); L->B 0.80 (loam)
A13: EX-CRAWL-70T|EW-CUTLOAD | B13: EX-CRAWL-70T | C13: EW-CUTLOAD | D13: 796.8 | E13: BCY/hr | F13: C | G13: Common earth/loam; cycle 14 s (<1 CY) / 15 s (>=1 CY) at 40-60% of max depth & 30-60 deg swing; fill 0.8/1.0/1.1 (low/typ/high); L->B 0.80 (loam)
... A15: WL-SMALL-3Y|EW-LOAD-TRK | B15: WL-SMALL-3Y | C15: EW-LOAD-TRK | D15: 293.322 | E15: LCY/hr | F15: C | G15: Loose material, hard smooth floor; Cat basic loader cycle 33/30/27 s (low/typ/high) applied to every loader-end bucket (wheel/track loaders, backhoe loader end, skid steers/CTLs). Fill 0.85/0.95/1.00; midpoint of 3.0-3.2 yd rental class
A17: Source: IntelCost Equipment Catalog.xlsx, Production sheet (typical, at the catalog efficiency 0.83). Dozer: 100 ft push. Roller: 8 in lifts. Ripping: indicative, seismic ~6,500 fps.
